static const char kernel_config_data[] __used = MAGIC_START
	"\x1f\x8b\x08\x00\x00\x00\x00\x00\x02\x03\xac\xbd\xd9\x92\xdb\x38"
	"\xb6\x36\x7a\xbf\x9f\x42\xe1\x1d\xf1\x47\x77\x44\x77\x97\x48\xcd"
	"\xfb\x84\x2f\x20\x12\x94\x50\xe2\x64\x02\x94\x94\xbe\x61\x64\x65"
	"\xaa\xca\x19\x9d\x83\x77\x66\xba\xba\xea\x7f\xfa\x83\x05\x90\x14"
	"\x40\x02\x20\xb3\xce\xe9\xe8\xb2\x2d\xac\x0f\x03\x31\x2e\x2c\xac"
	"\xe1\xbf\xff\xeb\xbf\x27\xe8\xc7\xfb\xcb\xd3\xed\xfb\xc3\xdd\xed"
	"\xe3\xe3\x9f\x93\xdf\x2e\xcf\x97\xd7\xdb\xf7\xcb\xfd\xe4\xd7\x87"
	"\xc7\xcb\xff\x33\x09\xb3\x49\x9a\xb1\x09\x0e\x09\xfb\x17\x07\xc7"
	"\x0f\xcf\x3f\xfe\xf8\xe9\xf6\xf5\x69\x39\x9f\xcc\xff\xe5\x6d\xfe"
	"\x35\xf3\x17\x93\xc3\xe5\xf5\xf9\xf2\x38\x09\x5e\x9e\x7f\x7d\xf8"
	"\xed\x07\xcf\xfd\xf0\xf2\xfc\x5f\xff\xfd\x5f\xfc\xff\xff\xcd\x13"
	"\x9f\xbe\xf3\x82\x5e\xff\x67\x72\xf7\x78\xfb\xfc\xdb\xe4\xf7\xcb"
	"\xeb\x1b\x27\x4f\x78\x56\xef\x5f\x2b\x0e\x09\xb2\x34\x22\xbb\x6a"
	"\x17\x04\xd5\x11\x17\x94\x64\xe9\xe7\x69\x93\xc8\xd3\x08\xad\x82"
	"\x18\xa5\xbb\xcf\x7f\x36\x89\x71\x08\x89\x71\x1c\x5e\x93\x04\xa2"
	"\xcd\xee\x6d\xa6\xde\x74\xd5\xc2\x39\xde\x4c\xe1\xa5\xef\x11\xad"
	"\x10\x4d\xaa\x5d\xc6\xb2\x6b\x71\x2c\xcb\x62\x5a\xd1\x32\xcf\xb3"
	"\x82\x55\x05\x8e\x8b\x2b\x8d\x14\x5f\xaa\x53\x56\x1c\xae\x29\xdb"
	"\x92\xc4\x21\x23\x09\xae\xf0\x99\xa1\x6d\x8c\x2b\xca\xb3\x29\xa5"
	"\xed\x0b\x8c\x78\x9b\xd3\x28\xe3\x7f\x54\x0c\x51\xc8\x2c\x3a\x67"
	"\x27\x3a\xfb\x71\xf2\x76\x79\xff\xf1\xfd\xda\x17\x24\x25\xac\xc2"
	"\xe9\xb1\x42\x05\x6f\x3f\x49\x08\xfb\x3c\xf3\xa1\x2f\xeb\x76\x67"
	"\x49\x4e\x78\x35\x0c\x53\x36\x79\x78\x9b\x3c\xbf\xbc\x43\x09\xed"
	"\x07\x67\x01\x8a\x9b\x2f\xfe\xf4\xcf\x7f\xf3\xc1\xf9\x76\x79\x7c"
	"\xfc\x64\xa2\x57\xa8\x54\x3f\x5c\x7c\x4a\x45\x51\xcc\x3e\x7f\x6a"
	"\xf1\x7b\x74\xc4\xd5\x01\x17\x29\x8e\xab\xdd\x57\x92\x5f\xe1\x2a"
	"\x25\xfe\x3a\xbf\x12\x74\x74\xdb\xf0\x2b\xd4\xd0\xec\x10\x47\xa8"
	"\x8c\x59\xb5\xcf\x28\x4b\x51\x82\x3f\x7f\xfa\xdb\xf3\xcb\xf3\xe5"
	"\xef\x6d\x3b\xe8\x09\x69\xa5\xd1\x1b\x7a\x24\x79\xa0\x16\xd5\xd2"
	"\xf2\x8c\x92\x73\x95\x7c\x29\x71\x89\x0d\x75\x05\x45\x46\x69\x95"
	"\xe0\x24\x2b\x6e\x2a\xc4\x18\x0a\xf6\x6a\xc9\x25\xc5\x31\xd9\x1a"
	"\xf2\xa1\x92\x2f\x83\xce\xf7\xa3\x22\xd8\x4b\x02\x6f\x10\xef\xd9"
	"\xf8\x4a\x77\xa4\x56\x27\xc4\x44\xa5\x5a\x22\x2b\x30\x6e\xe6\x06"
	"\x9f\x68\x93\xb7\x1f\xbf\xbc\xfd\xf9\xf6\x7e\x79\x52\xd6\x09\x4e"
	"\x71\x41\x02\x31\x0f\xf3\x22\xdb\xe2\x6b\x19\x2a\x89\xee\xb3\x93"
	"\x9d\x52\xc5\xf8\x88\x63\x33\x1d\x47\x11\x0e\x18\x81\x2f\x8b\xa2"
	"\x2a\x91\xb3\xd5\x80\x4b\xc8\xae\x40\x0c\xe6\x98\xd2\x1f\x45\xc8"
	"\x49\x7c\xe9\x9c\xf8\xaa\xa1\x38\x0d\xf5\x75\x13\x66\x09\x22\xa9"
	"\x29\xad\xda\x13\x5c\x40\x4f\xde\xf4\x2b\x4b\x28\x01\xa4\x95\xd0"
	"\x2b\x76\x8f\xd2\x90\x2f\x8f\xba\x64\x2d\x2b\xc0\xa3\xac\x08\x70"
	"\x58\x2f\x4b\xa2\xee\x2c\x34\x47\x05\xc5\xe6\xca\xc4\x27\xf3\xf9"
	"\x49\xea\xe2\x95\x2d\x41\xcc\x80\x80\x2f\xab\x03\xcd\x4a\x5e\x76"
	"\x15\x22\x86\xfa\x25\x88\x2d\xe2\xd8\x9b\x0e\x0d\x59\x14\xc0\x87"
	"\x25\x65\xb4\x53\x34\x6c\x52\x8c\x04\x87\x6a\x5b\x64\x28\x0c\x10"
	"\x65\xce\xdc\x1a\x4c\x4c\x25\xf6\xf0\xc4\x77\x5d\xd3\x6c\x12\xc5"
	"\x66\x29\xe6\x93\x42\x29\x34\xcd\xaa\xfd\x57\xd8\x66\x12\x31\xba"
	"\xed\xba\xe0\x89\x39\xaf\x2d\x0b\x49\x60\x58\x1c\x32\x17\xe1\x7d"
	"\xa3\xe6\x91\xa9\x51\x19\xc7\xb6\x2c\xca\xc0\x91\xdd\x1e\x26\x8e"
	"\xe8\xaa\x82\xaa\xc5\xe4\x7c\x65\x24\x39\xe3\x39\x52\x6c\x5e\xf1"
	"\x35\xe0\x98\xc5\x65\xca\x50\x71\x63\xa8\xae\xc6\x5c\x2b\x6c\x32"
	"\x05\x19\xcf\xd3\xf4\x56\x90\x97\x3f\xb1\xdb\xb7\x7f\x4f\xde\x79"
	"\xb7\x4d\x6e\x9f\xef\x27\x6f\xef\xb7\xef\x6f\x93\xdb\xbb\xbb\x97"
	"\x1f\xcf\xef\x0f\xcf\xbf\x75\xfa\x8f\x67\xa8\x50\x20\xca\x90\xd3"
	"\xa9\x6d\xd4\x91\xf0\xf3\x43\x27\xc3\x88\x19\x3f\x00\x26\x98\x98"
	"\x22\x57\xac\x11\xb7\xa5\x21\x2c\xfc\x00\xf3\x1d\x8c\x43\x4d\x27"
	"\x00\x1c\x31\x94\x21\xa6\xf5\x20\x24\xf2\x4d\x36\x46\x37\xae\x6c"
	"\xd5\x19\x88\xca\xe1\x05\x69\x24\xd3\xbf\xaf\xe9\x3d\x4a\xb4\x21"
	"\xe2\xcb\xb1\xd9\xc4\x43\x42\xe1\x24\x0c\x4d\x7b\x2f\xef\x0e\x42"
	"\xb3\xb8\xd9\x3b\x44\x9f\x17\x41\x39\xa1\xfd\xe9\xd9\x8c\x0f\x27"
	"\xab\x35\xf1\x9f\xfc\xac\xe5\x53\xd1\xf4\x15\x54\x82\x9b\xf6\xf3"
	"\x12\xba\x49\xd0\x3b\x95\x96\x04\x05\xf2\x0e\x8b\xe3\xeb\xa4\x57"
	"\x28\x29\xe6\xdb\x05\xc5\xbb\x60\x1b\x13\x75\xed\xc9\xd3\x72\x4b"
	"\x52\x3f\x50\x76\x98\x83\xfc\x47\x3f\x45\x8c\x9a\x9a\xbc\xe7\xfb"
	"\x0f\x4c\xf3\xa7\xeb\xc9\x0c\x85\x46\x7c\x8b\x26\x11\xfb\xec\x7b"
	"\x6a\x3a\x74\x5b\x82\xce\x0a\xdd\xf3\xaf\xdd\x44\x52\x76\xe0\xe7"
	"\x76\x84\x3b\x65\x78\xb3\xee\x46\x41\x83\x3d\xff\x1a\xb1\x5d\x34"
	"\x9d\x4f\xef\xbe\x5d\xee\x7f\x70\x1e\x6d\xf2\xeb\xe5\xf6\xfd\xc7"
	"\xeb\xe5\xed\x3a\x02\x25\x67\xad\x92\xbc\x61\x5a\xf4\xc4\x6d\xc9"
	"\xb7\x1c\xbe\xdf\xc8\xd5\xb3\xd0\xf6\xac\x9a\x79\xa2\x55\x5a\x26"
	"\xa8\xda\x22\xce\xa0\x05\xda\xe4\xd1\x51\xbc\xfd\x9e\xbf\x56\x18"
	"\xba\x5d\x91\x95\xb9\xb2\x11\xe6\x68\x87\x65\x45\xea\xce\xcb\x4f"
	"\xf0\x60\xd7\xf9\xd9\xf0\x09\xbd\x34\xce\x51\x89\x39\xd9\xa5\x1d"
	"\xf8\x5f\xea\xec\xda\xc6\x87\xba\x7e\xd3\xec\x15\x04\xd9\x8b\xd7"
	"\x82\x22\x44\x8a\x4a\xa7\x5c\xb9\xb5\x88\xef\xc8\xfc\xc8\x38\x91"
	"\x90\xed\x8d\x2b\x9a\xef\x11\x4a\x5e\x43\xa5\xca\x20\x48\xa4\x56"
	"\xbe\xcc\x9b\x93\x90\x1a\x4b\xaf\xe9\x45\x98\x20\xfb\xf7\x44\x7c"
	"\x99\x7c\x55\x7b\x96\x4f\x37\x8a\xd5\x93\x08\x26\x2f\x54\x52\x53"
	"\x0c\x2d\x08\xf1\x91\x04\xd8\x5e\x07\xcf\x58\xef\x2d\xbd\xb6\xe3"
	"\x22\xb2\xe7\xdb\xe6\x91\xb1\xb6\x6d\xb9\x33\x2d\xff\x2c\x38\xb4"
	"\x18\xed\x1c\x06\xa6\x92\x9f\xf0\x7c\xe3\x54\x66\x32\xcc\x50\xda"
	"\xe1\xfd\x0a\x9e\x64\x3a\x3d\xf8\xc7\xa7\x4a\xde\x14\xb3\x4e\x5e"
	"\x3e\x7c\xc1\x21\xcf\xf8\x64\x86\x53\x8c\x65\x85\xf9\xa8\x92\x4b"
	"\x10\x38\x6f\xdb\x2c\x93\x08\x56\xa6\xb8\xc3\xf0\xf2\xb9\x14\x62"
	"\xbe\x2b\x06\x88\xe9\x33\xe5\x3a\x99\x60\x87\x37\x14\x09\xb3\x9a"
	"\x8f\x90\xb8\x5b\x14\x2a\x5f\x06\xbf\x51\xc2\x0b\x96\xcc\x0b\x30"
	"\xfe\xd7\x33\xa9\x25\x0a\xa6\xc9\x50\x6c\x11\xf6\xb8\x7c\x9e\xb4"
	"\xe5\x49\xbe\xb9\x79\x21\x67\xff\xf5\x99\xa8\xd2\xce\x5f\xed\xb9"
	"\x32\x3b\xc9\x74\x9f\xe0\xb7\xbb\x2c\xe7\x07\x2a\xf9\x8a\xa1\xf5"
	"\x62\x92\x65\x45\xc2\xf7\x21\xad\x53\xbb\x30\xca\xff\x61\x1a\x11"
	"\xce\xb6\xb1\xb8\xc3\xfa\x97\x24\xf4\x96\x0a\xfb\x28\x30\xfc\x64"
	"\x0a\x70\x0e\x87\x1b\x3f\x7c\x50\xa0\xf0\xe7\x72\x22\xd7\x3f\xe4"
	"\xf9\xa5\xcc\x44\xbd\x2c\xc1\x6a\xc2\x5c\xd4\x26\xc0\x0e\x33\x60"
	"\xc8\xab\x9a\x89\x34\xb7\x13\x86\xb2\xcb\x64\xd6\x4d\xbb\xa6\xb7"
	"\x65\x46\x92\x9d\x35\xcd\x77\x71\x87\x6a\x59\x31\xed\xac\xe9\xfe"
	"\xae\xd2\x84\xa8\x07\xa3\xb2\x29\xe3\x38\xe2\x1b\x77\xa1\xf6\x03"
	"\xe2\x4c\x36\x70\x84\xca\x06\x5a\x32\x7c\xee\xfc\xe4\x0b\x4e\x29"
	"\x25\xcf\xb4\xef\x21\xbb\x14\xc5\x91\x32\x8f\x45\x3b\xd5\x04\xc1"
	"\x0c\xab\x09\x74\x2f\x37\xfa\xe6\x00\x22\xca\xc5\x17\x85\x47\xc2"
	"\x1b\x55\xf7\x0f\xd5\x8e\x88\x2d\x2a\x0a\xa2\xee\x8d\x07\x80\xdc"
	"\x24\xb4\x9f\x52\x75\x3a\xb7\x4d\x17\x9f\x0c\x4b\x13\x2e\x56\xa6"
	"\xd5\x99\x47\xfd\x41\x83\xc4\x9f\xf9\xad\x10\xc5\x27\x74\x43\x2b"
	"\x9d\x17\x07\x62\x99\xf2\xde\x3f\xb6\x4c\x57\x16\x45\xc6\x25\x02"
	"\xd3\x48\x20\x22\xd3\xe1\xd2\x5e\x31\xae\x9f\xca\x9b\x92\x06\x9d"
	"\x41\xe3\x17\xa3\x2f\x6a\xfd\x62\xff\x15\xa9\x86\x32\x79\x49\x38"
	"\x0c\xd5\x13\x52\xac\x17\x58\x82\x55\x7b\xc5\xb9\x32\x8e\x81\x37"
	"\xd5\x56\xb0\xe0\x4a\xf0\x1f\xef\x97\x67\x21\x2a\x7a\xeb\xf2\x27"
	"\x8d\x6c\x29\x61\x07\x85\x78\x69\x32\x5c\xb9\x97\x04\xb8\x22\xb1"
	"\x97\xe2\x33\xc3\x29\xd5\x6e\xab\x40\x84\xdb\x4a\xcd\x9d\x60\xce"
	"\x1f\xec\xe1\xef\x04\xa7\x4c\x47\xc9\x22\x08\xf0\x1e\x59\x6e\x22"
	"\xc5\xdb\xa1\xcc\x62\x2b\x50\xd7\xd1\x95\x04\x9c\x1d\xdf\xd2\x23"
	"\x8d\xb1\x69\xa9\xdb\x86\x09\x97\xf7\xed\x56\x3c\x50\xcb\xdc\xf2"
	"\xcb\xeb\xaf\x2f\xaf\x4f\xb7\xcf\x77\x97\x09\xfe\xfd\xf2\xcc\xef"
	"\x29\x88\xdf\x58\x02\xb8\xa9\xf0\x3b\x9f\xc2\x4a\x9b\xfb\x5e\x0e"
	"\xa3\x20\xf2\x69\x52\x1d\x13\x3e\x03\x33\xd3\xed\xee\x98\xc8\xdc"
	"\x0d\x13\xa6\x95\x42\xe3\x72\xdb\x3f\x91\x75\x72\xcd\x88\x89\xfd"
	"\x29\x4b\x4d\x1b\x76\x96\xe4\x88\xf1\xdb\xeb\x41\x2f\x1a\x99\x24"
	"\x31\x50\xa4\x0e\xcb\xcc\x30\x04\x35\x17\x9c\x79\xac\x57\x49\xb7"
	"\x6c\xc1\xfa\x00\x5f\x5f\x15\x7c\x23\xcc\x12\xcb\x07\xa8\x40\x10"
	"\x73\x70\x6e\x3a\xb4\x34\x4b\x0e\x28\x2a\x18\x41\xfa\x0e\xcc\x70"
	"\x22\x58\x12\x10\x47\x92\x88\x04\x1d\xe9\x09\xe7\xb0\x22\x12\x6b"
	"\x4c\xb2\x98\x35\x82\xa1\xd0\x64\x02\xc9\x52\x91\xb5\x2d\xe7\x5b"
	"\x55\x26\x95\x24\x65\x07\x2a\x79\xe7\xee\x9d\x41\x92\xf8\x0f\x56"
	"\x93\xe6\xda\x86\x90\x24\x9c\x61\x2e\x52\x98\x7f\x9c\x45\x4a\x48"
	"\xfa\xd9\x5b\xbb\x00\xe8\xfc\xd9\xb7\x94\xd0\x8c\x6b\x5b\x90\x37"
	"\x02\xc7\xcb\xf3\x96\x8a\x98\x80\x64\x42\x16\x9b\xa8\xac\x3d\xbf"
	"\xb1\x05\x07\xd1\x45\xcd\x45\x42\x61\x6b\xe2\x18\xef\x50\x5c\x89"
	"\xce\xe3\x3b\xda\x11\xc5\x25\xfe\x3c\xfd\xe3\xfe\x72\x7b\x3f\x55"
	"\xfe\xa7\x08\x45\x0f\x9c\xb3\xea\x17\x24\xcb\xe7\x97\xf3\x28\x46"
	"\x3b\xda\xa7\x17\x27\xca\x87\xf5\x1c\xec\x77\x28\xe4\x4c\x5d\xbc"
	"\xcb\x0a\xc2\xf6\x49\x5f\x42\xa3\x1d\x8a\x4a\x62\x7b\x2c\x34\x6d"
	"\xa5\x7d\xd8\xfe\x84\xc9\x6e\x6f\x12\xfb\xd0\xd2\x50\x15\x3f\x46"
	"\xc8\x16\x36\x0b\x79\xdf\xbf\x02\xbe\x66\x29\x4f\x4b\xd0\xcc\xef"
	"\xec\xcc\x4d\xce\x5d\xa9\xf6\x6f\x92\xf7\x44\xba\x49\x16\x62\xce"
	"\xf9\xaa\xf3\x36\xe2\x5c\x02\x46\x45\x7c\xc3\x7f\x57\xda\x11\x9b"
	"\xef\xa4\x3c\x5c\x48\x1b\xe9\xe7\x99\xf9\xee\x57\x0a\x31\x66\x57"
	"\xe8\x25\xee\x1b\x07\x38\x83\x2a\xce\x0b\xb4\xc2\x99\xfc\xf1\xf6"
	"\x1d\x36\x3c\xbe\xe8\x1e\x2f\x77\xf5\x43\x43\xbb\x4e\xa5\x2c\x36"
	"\x80\x75\x65\xbe\x0c\xd5\x35\xa7\x67\x62\x27\xa3\x38\x27\x16\x21"
	"\x93\xa0\x6f\x83\xc4\x5f\xcf\x16\x4e\x40\x45\xa0\xfd\x0e\x08\x2e"
	"\xf8\x4a\x77\xd0\x8b\x20\xa1\x6c\x6b\x07\xe0\xf3\x4d\x9a\x39\xbe"
	"\xf1\x30\xb3\xd3\xf8\x94\xe0\xb3\x2c\x40\xb9\xe3\x23\xe3\x9d\x77"
	"\xb0\x53\xf7\x84\x12\x1b\x2b\x91\xe0\x90\xf0\xa9\xa7\x6d\xe2\x09"
	"\x02\x02\x5b\xae\x66\x1b\x63\xa1\x2d\x7d\xe9\x0d\xd0\x17\x03\xf4"
	"\xb5\x9b\xbe\x1a\x28\x7f\xb5\x31\x7c\x56\x4b\x5d\x7b\xc6\x8f\x5a"
	"\xbb\x1b\xb5\x1e\xa2\xcf\x66\x6e\xfa\x62\x80\xbe\x1a\xa2\xaf\xdc"
	"\xf4\x8d\x33\xff\xda\x5b\x0d\xd0\x37\x8e\xb5\xc0\xaf\xdc\x99\x63"
	"\x9e\x27\x47\xce\x34\xd8\xc9\x5f\x02\xcb\x81\x2c\xa8\x05\x46\x31"
	"\x9f\x68\x0e\x00\xdf\xd4\x83\x3d\xc9\x1d\x5b\x01\x46\x8c\xc5\x8e"
	"\x75\xc0\x39\xe1\x2f\x25\xb0\x6e\xae\x66\xa4\x98\x22\xd7\x7e\xc3"
	"\xe0\xa1\xe4\xec\x4d\xed\x10\x86\x39\x73\xe7\x28\x21\x2f\x42\x47"
	"\xe6\x7d\x99\x86\xae\x16\xd6\x00\xdf\x8e\x28\x53\x92\xc3\x13\x8c"
	"\x1d\x71\xe4\x17\xd6\x02\x53\xc7\x67\x9e\xe1\x10\xb1\x93\xbf\x9e"
	"\x1d\x34\xde\xcb\x49\xde\xbb\x02\x6c\x7f\xc0\xa3\xc5\xf7\xef\x2f"
	"\xaf\xef\xea\x2e\x9f\x07\xa4\x07\x85\x34\xfc\x7c\xff\xfd\xe5\xe1"
	"\xb9\x8b\xe5\xac\x79\x28\x8e\xd6\x5e\xa6\x9a\x87\x8e\xae\x52\x4f"
	"\x91\xcc\x59\xa3\xc9\xe5\xf5\xf5\xf6\xfd\x76\xf2\x9f\x97\xd7\x7f"
	"\xdf\xbe\x72\x66\xfa\xfe\x6d\xf2\xfb\xc3\xed\xe4\xfd\xdb\x65\x72"
	"\xfb\xc8\x39\xeb\xe7\xdb\xf7\x87\xdf\x2f\x6f\x93\x5f\x5f\x6f\x9f"
	"\x2e\x80\xba\x72\xda\x92\xb3\xc2\x05\x1f\xf4\x32\xa9\xd6\xfe\x72"
	"\xe6\x6d\xba\x2c\xd9\x95\xba\x72\x52\xe7\xd3\xa5\x9d\xea\x6d\xe6"
	"\x2b\xdf\x4a\x9d\xf9\xd3\xd5\xc2\x4a\x9d\x2f\x56\x8e\x7a\xe7\xb3"
	"\xb9\x9d\xea\x4d\xfd\xf9\xca\x5b\x5b\xc9\xf3\xe5\xcc\xf7\xad\x35"
	"\x7b\x8b\xb9\xef\x2a\x7c\x35\xf7\xa7\x1b\x6b\xe1\xbc\xb3\xe6\xb3"
	"\xb5\x22\x27\x09\xd0\x91\xf0\xf4\x86\xee\xfb\x33\xf5\xa3\xbb\xd4"
	"\x19\xaf\xdd\x4e\x5d\xcd\x17\xf6\x92\x67\x53\xcf\x53\x4a\x86\x9d"
	"\xa9\x8a\x50\x7c\xc8\x0a\xa5\x63\xa6\xb3\x41\xc4\xa6\x83\xf8\x12"
	"\x46\x7c\x94\xa7\x2d\x64\x3a\x5d\x2a\xd5\xd0\x2c\xe0\xbc\x0c\xe7"
	"\x7f\xae\x1b\x11\xdc\x15\x89\x7a\x1f\x80\xc3\x38\x26\xc0\x7c\xb5"
	"\xd5\x2c\xbd\xe5\x74\xba\x9e\xfa\xee\xd6\x60\x7e\xed\xf6\xba\x3d"
	"\x3d\x3f\x88\xfb\x82\x76\xbd\x93\x14\x6f\x59\x93\x2c\xeb\x18\x30"
	"\xcb\xb9\x01\xa3\x21\x8e\x48\x72\xf8\xb3\x4d\xbf\x86\x86\x36\x5f"
	"\x0f\x65\xff\x3c\xdb\x74\xef\x38\x4d\xd6\xfe\xed\x47\xe6\x98\xaf"
	"\x15\xa1\x1f\xbf\xa1\xc1\xc5\x9a\xef\x0c\x04\xa5\x56\x01\x6c\x12"
	"\x68\xb7\x45\x91\x46\x13\xd3\xa3\x53\x5a\x08\xb9\xf8\xe7\xf6\x8e"
	"\xb4\xcf\x58\x1e\x97\xa2\xa6\x0e\x63\xcb\xa1\xbb\x9c\x64\x9f\xfd"
	"\xc5\x52\x79\x25\x2d\x8d\xd2\xf9\x7d\x16\x63\x78\x1c\x11\x8c\x7b"
	"\xe7\x25\x96\xcf\x25\x53\x8e\xaf\x95\xbf\x98\x76\xa0\xb3\xa9\xf9"
	"\xe8\x91\xa5\x98\x8b\xe1\xed\x9b\xea\xbd\xb1\x2f\xe0\xb5\xd3\xf6"
	"\x82\x53\x0b\x12\xf8\xd8\x0b\x09\x82\xe1\x09\x5b\x7e\x8c\x54\xba"
	"\x80\x6b\x44\xdc\x2d\x4a\xbc\xbe\x73\x7a\xfd\x50\x63\x25\x5f\x6f"
	"\xf2\xfa\x51\x1e\xe3\x80\x35\x4a\x1d\xa6\x0a\xf8\x0d\x8e\x99\x8a"
	"\xbf\xaa\x71\xe4\x51\x0a\x37\x45\xa2\x0a\xae\x4e\x1d\xd1\xc9\xf5"
	"\x3e\x7f\xfd\xf8\x7d\xb9\xc3\x2c\xde\x46\xdd\x4b\xcc\x09\xf1\xeb"
	"\x35\x10\xab\x3c\xe1\x53\x67\x8f\x0a\x6c\xe8\x98\x80\x33\x52\xfc"
	"\x92\xc4\x2f\x1d\x42\xfa\xac\x6c\x41\x81\x6c\x1b\xcf\x18\x66\x27"
	"\xb8\xd6\xc5\xf2\xd2\xdb\x9d\xe3\xfc\x4a\x27\xc4\x37\x24\x33\x5c"
	"\xff\x81\x28\x08\xfc\x66\x43\x76\xa9\x90\x50\xb5\xab\x87\xe2\x00"
	"\xee\xdd\x9a\x38\x0e\x15\x08\x1e\xae\xcd\xcf\xec\x35\x71\xd4\x53"
	"\xf5\x01\x9f\xb1\xf9\x12\x14\x14\x88\xee\xab\xb0\x4c\xcc\xbc\xd9"
	"\x19\x9b\x16\xa5\x78\x83\x10\x8f\xa0\xb0\x1c\xb2\x82\xb3\x34\x8a"
	"\x30\xa1\x4c\x41\x90\x50\x5f\x53\x11\xab\x70\x3c\xd5\x35\x53\x70"
	"\xca\xaf\x55\x28\x15\x77\x4b\x7e\x47\x09\x58\x56\xf4\x00\x38\xf6"
	"\x39\xa7\x03\xa4\xae\xc0\xa5\xa2\x74\xab\x3e\x1d\x12\x46\x76\x70"
	"\xc3\xa6\x39\x87\xf3\x4b\x6a\x5d\x34\xdf\x8c\x79\xe6\x9b\x6e\x66"
	"\x86\x76\x3b\x78\xf3\x09\xc3\xa2\x42\x5b\x45\xae\x5d\x0b\x3d\x8e"
	"\x21\xcd\xb4\x3c\xc7\xb5\xf2\xd0\xa3\xcc\xba\x53\x5e\xe1\xa4\x8c"
	"\x3b\xa2\xa3\x20\xf7\x16\x55\x23\xbc\x35\xd0\x29\x66\x7c\xab\x33"
	"\x51\xea\x6f\x3b\x55\x8c\x6d\x8b\x29\x1f\xde\xf6\x49\x9e\x53\x7e"
	"\x5f\xff\xcb\x9b\xdc\xbe\xde\x7d\x7b\x78\xe7\x77\xed\x1f\xa0\xa9"
	"\xd6\x7f\x21\x96\x25\xf0\x65\x82\xa2\x70\x9b\xf4\x77\xdf\x5e\x65"
	"\x31\x9f\xa8\x88\x65\x09\x09\x7a\x7d\x7c\xdc\x63\xbd\x7a\x7f\x64"
	"\xf5\x25\xca\xfa\xc7\x49\xce\x17\xbb\xf5\x20\xe1\x13\x10\x84\xc2"
	"\xfd\xae\x38\xe2\x6e\x12\xdf\x4b\xca\x98\x2f\xe1\x58\x5d\xff\x05"
	"\x06\x3d\x3a\xa6\xef\x24\x52\x84\x08\x4f\x49\x20\xf0\x37\xa5\xd7"
	"\x65\x15\x78\x07\x0f\x44\xf5\x23\x88\x64\x76\x5f\x78\x33\x5f\xbe"
	"\x83\x48\x43\xf9\xbc\x20\x09\x61\x63\xf8\xfc\xe9\x8e\x27\xbf\x3c"
	"\x5e\x3e\xbf\xbf\xff\x39\x9d\x28\x3f\x12\x36\xfb\xc7\xc6\x87\xf3"
	"\xfe\xd9\x9b\xbc\xf2\x32\x3e\xff\x74\x7f\xf9\xfd\x27\xce\x96\x4e"
	"\x7e\x7f\xba\x7d\x7c\x7c\xb9\xfb\x3c\xdf\x2c\x93\xc9\xdb\xe3\x8f"
	"\x5f\xaa\xa7\xdb\x3f\xaa\x97\xd7\xfb\xcb\xeb\xe7\xa9\x4c\xb8\xbf"
	"\xfc\xf2\xe3\xb7\xcf\xd9\x84\xc3\x5f\x5e\xbe\xbf\x55\x4f\x97\x27"
	"\xde\xbb\x97\xd7\xdf\x2f\x9f\xe7\xc9\x44\x79\x09\xac\xdb\x51\x45"
	"\x05\xe7\x23\xb6\x59\xc6\xe2\x0c\x75\xee\x1c\x1d\xa4\x90\xb8\xeb"
	"\x2f\xe1\x4d\x19\xdd\xb7\xc4\x16\x81\x23\x93\x58\x41\xea\x59\xc8"
	"\xb1\x40\x79\xce\x4b\xe5\x4b\x29\x64\xdb\x8a\x24\xfc\xb8\xd1\x1e"
	"\x45\x14\x24\x00\xb2\x23\x2e\x40\xe1\x45\x00\x0d\x25\x93\x64\x57"
	"\xed\xbe\x02\x54\x2d\x05\x52\x43\xb6\x1d\xdb\x92\x7a\xcb\x11\x75"
	"\x54\x52\x73\x91\x3c\xdd\xfe\x76\xf9\xd7\x6f\xff\xf7\x9f\xf7\xef"
	"\xbf\x7c\x1a\xf7\x19\xf2\x79\xfa\xf3\xa7\xa7\xcb\xfd\xc3\xed\xfb"
	"\xe5\xdf\x3f\x3d\xbd\x83\xc0\xe1\x93\xbe\x51\x28\xf2\x38\xf1\x50"
	"\xbd\xc7\x71\x2e\x25\x86\xf2\x16\xf4\xf2\x9f\xcb\xeb\xe4\xe9\xf6"
	"\x99\x57\xff\x74\x79\x36\xcc\x27\x5a\xd2\x5c\xd3\xcb\xab\x13\x14"
	"\x0d\x80\x2b\xc3\x53\x93\xe8\x81\xe4\xe2\x49\xc8\xcc\x44\x90\x2d"
	"\xef\x00\xb1\xad\x98\x1e\x11\x93\x8a\xc6\x18\x2b\x82\xc4\x26\xa5"
	"\x16\x2f\x5e\x4f\x96\x44\x3c\x89\x0b\x9a\xb9\xa0\x13\x3a\x60\xa1"
	"\x65\xa7\x15\xd6\xa6\xd6\x9a\xb2\xde\x55\xa8\xab\x51\x77\x81\x9a"
	"\xad\x53\xb3\x4d\x9b\x80\x93\x82\xf8\xa0\xd5\xd7\x88\x4a\xa5\x7a"
	"\xa1\xd2\x96\xd3\x97\x2a\xcf\x4e\xb0\x01\x47\x11\x09\x08\xbc\x95"
	"\xf4\x38\x95\x7e\x7e\x43\xf7\x74\x11\x59\xa4\xe9\x65\xc8\xd6\x37"
	"\x2b\x86\x43\x77\x66\x76\x47\x19\x18\x78\xcb\xa5\xc4\xc0\x53\xd5"
	"\x23\xac\x90\x1b\x15\xb8\x7a\x2e\x25\xed\x5c\x6a\x15\xba\x39\x8d"
	"\xdc\x3f\x5e\x94\x3d\x0a\x34\xba\x42\xb5\xf0\x26\x45\x3e\x63\xe7"
	"\xa0\x8c\x59\x90\x63\xe7\xd1\xa8\x05\xed\xb2\x63\x15\xf3\xa3\xd1"
	"\xbc\x9d\xa8\x28\xce\xbb\x94\xd6\x22\xe0\x35\x70\x28\x3f\x3b\xd8"
	"\xcb\x48\x33\x4b\x11\x21\x93\x00\x50\xa9\xc3\x54\x39\xa0\xda\xbe"
	"\x98\x84\xaf\x0f\xbf\xcb\xe7\x36\xf5\x0c\x82\xb2\x49\x68\x15\x2f"
	"\x25\xa2\x3d\x6b\xef\x7c\x36\x01\x3b\xb0\x14\x9f\x6a\x45\x53\x09"
	"\x55\x87\x2a\x7a\xbd\xfc\xef\x8f\xcb\xf3\xdd\x9f\x93\xb7\xbb\xdb"
	"\x47\x4d\x41\x11\xbe\x8e\x2f\xed\x2f\xfa\xd8\x40\x8a\xe8\x10\xc4"
	"\x58\x51\x49\x75\x1e\x13\xb9\xab\x0d\xd7\x12\xa1\x2b\x0c\xc9\xc0"
	"\x14\xf6\xc6\x58\x50\x9a\x37\x6a\x28\x55\xd1\xc4\x30\x33\x87\xc6"
	"\x4c\xb0\xb4\x28\x3a\x7e\x20\x0b\xec\x90\x42\xe1\x67\x7c\x96\x8c"
	"\x6f\xca\xbc\x61\xe1\xf8\x1c\x9c\xc6\xab\x39\xda\x1e\xf6\x8d\x79"
	"\xc4\x7d\xaa\x64\x24\xb6\x74\xbb\xae\xaa\x62\x44\x34\xbd\x61\xa1"
	"\xb7\x9f\x6e\xa1\x37\xdf\x69\x1c\xab\x8f\x7c\x56\xf7\x73\xda\x39"
	"\xf9\x6b\x77\x4e\x4e\xee\xfb\x6b\x84\x03\x65\xe7\x30\x5b\x87\x4b"
	"\x72\x99\x24\x37\xd6\x45\x04\x17\xf9\x98\x80\x18\xb7\xc9\x60\x5f"
	"\x6f\xf5\xdb\xc4\x20\x90\xd2\x3c\x71\x82\xbe\x64\x05\xf9\x62\x42"
	"\x88\xcf\x8b\x1e\x5e\x9f\xfe\x73\xfb\xaa\xee\x0b\x4a\xe1\x39\x0d"
	"\x48\x15\x9d\x3a\x0c\xab\x4c\x16\x2a\x64\x56\x39\x2c\x6f\x58\x90"
	"\x10\x78\x1b\x63\x59\x90\xc5\x0e\x54\x3e\x06\x15\x62\xa9\xd4\x10"
	"\xd9\xd6\x48\x44\x8a\xe4\xc4\x2f\xad\x70\xab\xe6\xb7\x2b\x93\xa0"
	"\x40\xde\x9d\x79\x61\x49\x10\x68\xe2\x92\x5d\x96\xed\xf8\x90\x34"
	"\x45\xf4\xfa\x88\x5d\x7e\x7b\xbd\x9d\xfc\xda\xf4\x94\x9c\x1d\xea"
	"\xe4\x80\x6b\x66\xc9\xaf\xac\x5f\x6d\xbc\x45\xfd\x84\x5d\xdc\xe4"
	"\xaa\x0d\x8b\xfc\x0d\x77\x66\x7f\xb1\x6c\x1f\xcb\x95\x9b\x67\x43"
	"\x5e\x78\xbe\x24\x5b\x6e\xa8\x0d\xce\x6b\x2a\x32\x5b\x92\xb4\xb5"
	"\xb5\xb0\x81\xea\x2a\xdb\x86\xd4\x42\x67\x23\xda\x95\xcc\xc6\x95"
	"\x96\xcc\x47\xe1\x76\x7b\xb8\x90\x8f\x41\x06\x45\x30\xf3\x47\x74"
	"\x09\xc2\xb4\xab\xaa\xd0\xa5\x98\xfb\x4a\x25\x57\x41\x90\x8c\xa8"
	"\x02\x90\xdb\xf8\xe0\x2c\x0c\x1e\xad\x01\xe4\xfc\xb6\x3d\xe2\xff"
	"\xf7\xa7\x02\xec\x02\xe6\x59\x7c\xe3\xcd\xa6\x8b\x41\xe0\xb5\xfe"
	"\x2d\xed\x2d\x81\xc6\xfc\x4b\xb9\xe3\x5e\xfe\x79\x7f\xf9\x7e\x79"
	"\xbe\x37\x32\xef\x87\xf6\xa5\xbc\xad\xe6\xe7\x32\xc9\x39\xf3\xb4"
	"\xc5\x26\x65\xc0\xde\xcb\xba\x58\xad\x57\xf6\xb4\x4c\x85\x44\x08"
	"\x04\x13\x01\xd8\x13\x28\xb7\x8b\x02\x33\x63\xe6\x83\x39\xd5\x06"
	"\xd7\xd4\x02\xaf\x72\x36\xa1\x54\xb1\xcf\xb2\x43\x87\x08\xa2\x2a"
	"\x50\x49\x21\xbb\x32\x2b\x0d\x7a\x10\xfc\xca\x20\x59\x31\x69\xbc"
	"\x63\xb0\xd2\x01\x22\xa8\x0a\x02\x53\xa3\xea\x32\xb4\xc2\x36\x7e"
	"\xb0\x32\x12\xdd\x34\xda\xae\x7d\x00\xcf\x58\x0b\x11\x8d\x2d\x97"
	"\xc6\x7c\x94\x15\x65\xc0\xaa\xd3\x9e\x30\xac\x1b\x05\x08\x28\xbf"
	"\xde\xf3\x61\x87\xab\x13\x48\xeb\xea\xde\xe5\x97\xbe\x6e\x67\xd4"
	"\x4a\x75\x6a\x92\x76\xdd\x10\x29\xfb\x53\xb5\xe5\x95\x4a\xc5\x62"
	"\x93\x46\x1d\xd4\x66\x4a\x17\x37\x44\xd9\x02\x90\xb4\x99\x3e\xe7"
	"\x3a\x7d\xba\x2d\x0b\xca\x4a\x2a\x6f\x44\xd2\x26\x4d\xef\x26\x39"
	"\xb4\xd2\xe2\x20\x48\x72\x50\x7f\xe9\x16\x5f\xcf\xac\xba\xa7\x72"
	"\x79\x53\xd7\xbe\x54\xe6\x93\xf6\x88\x16\x5a\x98\x95\xfd\x5b\x8b"
	"\x90\xaa\xd6\x82\x33\x92\x07\x95\xb4\xda\x6a\x2c\x1e\x0d\x5f\x59"
	"\x0b\x39\xf9\x59\x14\x6b\xe6\x03\xb6\x74\x29\x74\x85\x8e\x83\x33"
	"\x14\xeb\x92\xc2\xda\x6a\x54\x27\x0b\xbb\xa4\x8e\x66\x92\x21\x6f"
	"\x27\x13\xef\x9b\xcc\x6e\x13\x11\xc3\x86\xa4\x9b\xbe\xea\x00\xb6"
	"\x27\x69\xac\x1e\x7d\x90\x23\xed\xbc\x14\xb4\xa5\xd8\xf4\x35\xda"
	"\xe2\x4c\x52\xe6\xab\x2c\xa0\x4b\xb4\xf1\x02\xb0\x7c\xe1\xbd\x0a"
	"\x96\xf8\x41\x53\x66\x13\x64\x8b\x45\x54\x07\x65\xb0\x85\xb2\x6c"
	"\x23\x29\x3c\x0b\xe0\x5a\xca\x6e\x98\x64\x72\xbe\x82\x04\xfe\xa8"
	"\xe9\x8e\x09\x22\xbf\x35\x37\x6f\x0b\x38\x00\x8d\x3c\x45\xbe\x2b"
	"\xe4\x74\x54\x48\xd5\x41\x83\x19\x94\xb4\x0c\x9b\x85\x20\x35\xc2"
	"\x3d\x53\xd5\x9a\x9a\x5c\xa7\x00\x9d\x76\xd5\xaf\x33\xe4\x56\x74"
	"\xe3\x6c\x85\xa8\x90\xab\x54\x3c\x88\x41\xe5\x6b\xcb\xc7\x82\x33"
	"\x61\xa1\x92\x39\x03\x43\x5f\xb2\xab\x25\x00\xb3\x9e\x44\xba\xa6"
	"\x4b\x65\xaa\x1e\x75\xe6\x6f\x89\x7c\x03\x30\x7d\x34\x74\x75\xf7"
	"\xa1\xc2\x94\x76\xdd\x73\x19\xdf\xbc\x59\x23\x49\x2b\x4e\x67\x75"
	"\xc9\x58\x49\xdd\xec\x8d\x6c\xd5\x90\xdd\x44\x2a\x70\x24\x26\x57"
	"\x47\x15\x5d\x79\x0d\xe2\x83\xce\x59\x9d\x5a\xd2\x0b\x3a\x65\x86"
	"\xba\x75\xeb\xf0\xfa\x97\x3c\xdd\x83\xec\xf8\xcf\x5f\x6e\xdf\x2e"
	"\xf7\x93\x7f\x4b\x45\x83\xef\xaf\x2f\xbf\x3e\xe8\xf7\xf3\xb6\x1c"
	"\x40\xd7\x2a\xa0\xb8\x42\xbd\x06\x81\x79\x3c\x3c\x28\x6a\x12\x27"
	"\x50\x88\x04\x4d\x79\xf5\xd8\x15\x9a\xe6\x14\xd4\x78\xaf\x66\xf4"
	"\xf5\x64\xd6\x94\x97\x64\x87\xc8\x27\x15\x90\xe5\x9a\xf4\x9e\x24"
	"\xa6\x4c\x81\x6e\xcd\x2c\xc9\xe6\xec\xf5\x9e\x4c\xbb\xeb\x0a\x2c"
	"\xf2\x5a\x0b\x74\x5d\x65\xbe\x01\x10\xf3\x93\x52\x4d\x86\x69\x68"
	"\xd5\x46\xe1\x43\x9e\xf0\x66\xf1\xa5\x1b\x56\x07\x50\xbf\xb7\x7e"
	"\x1b\x95\xf6\x81\x31\xe7\x44\x54\x66\x61\x5b\x5b\xc7\x29\xa6\x33"
	"\x34\xa0\x84\x8f\xee\x97\x12\x53\xd6\x35\x16\x03\xb3\x9a\x2d\xb5"
	"\x58\x6b\x5e\xe9\x1d\x93\xf2\x1e\x04\xae\x62\xbb\x82\xb0\x1b\x27"
	"\x0a\x9e\xbe\x42\x2b\xa2\x11\xb1\x8b\x23\xb1\xb0\xc2\x4e\x5b\x66"
	"\xa5\x41\xaf\x65\x39\x8a\x2d\x36\x44\xfc\xc8\x11\xd2\xfd\x54\x30"
	"\xb8\xda\xde\x60\x24\x83\xd2\x41\xbc\x45\x57\x6b\xc3\xfc\xf6\xf5"
	"\xfd\x01\x18\xdb\x09\xfb\xf3\xfb\x45\x13\x07\x08\xa5\x69\x91\x09"
	"\x85\x47\x90\x7e\x18\xa7\x15\x0d\x33\x7a\x85\x2a\xa2\xd0\x88\x98"
	"\x92\xc5\x60\xf6\xc4\xe7\xd0\xd6\xe4\x8b\x38\x8e\x84\x1d\x88\x34"
	"\xb9\xcf\xae\xb6\x90\x0a\xdb\x4d\x32\xf9\x00\x9e\x66\xaa\xf6\x7f"
	"\x93\x1a\x72\x7e\x50\x3c\xd1\xf4\x28\x41\xd4\xb1\x98\xa8\x6d\x63"
	"\xeb\x0c\x0e\x1f\x08\x96\x9c\xd0\x00\x47\xae\xba\xde\xcf\x9f\xee"
	"\x7e\xfd\xdf\xf6\xdd\x80\x7f\xa4\xbd\xa5\x0a\xf1\x70\xb3\xd5\xa5"
	"\xff\x0d\x61\x1b\x99\x2c\x3c\x10\x4d\x15\xd5\x91\x32\xad\xc7\x9d"
	"\xe6\x24\x15\x3b\x82\x5d\x51\x40\x3e\xfd\x55\x45\x72\x52\xad\x9d"
	"\xc0\xde\x47\x64\xe6\x83\x9f\x9d\x52\x95\x1b\x93\x1a\xd6\x16\xa2"
	"\x18\x5c\x0b\x4d\x6a\xb6\xf1\xed\x50\xb8\x81\x08\x05\xac\xf3\x7e"
	"\x60\xa7\x74\x33\x17\x27\x73\xd6\x5e\xfa\xf5\x54\x92\xf6\x3c\xd5"
	"\xa9\x80\xd7\x1e\xad\x6f\x77\x07\x52\xed\x49\x08\x2f\xce\x21\x88"
	"\x89\x45\xaa\x79\x33\x53\xa0\x9c\xcf\x87\x43\x74\x24\xba\xb9\xd2"
	"\x8e\x43\x53\xc1\x41\x8c\x86\xd2\x2c\x18\x0b\x07\x65\x97\xb1\xd8"
	"\x5a\xe4\x33\x08\x07\xdd\xfe\xe0\xa6\x3a\x01\xa3\xc9\xbb\x58\x52"
	"\x06\xdb\x0d\x06\xac\xc9\xf8\xa6\x84\x38\xdb\x96\x91\x3f\x36\x43"
	"\x49\xb7\xa3\x7b\x30\x03\xcd\x7f\x6a\x82\x9b\xfa\xaf\x6c\x80\x96"
	"\x29\x04\xdc\xf2\x60\xcd\x08\xde\xc0\xf8\x7c\x88\xc8\xd9\xa4\x5a"
	"\xd1\xbe\xfe\xd5\xb6\x57\x97\xbb\x1f\xef\xb7\xbf\x3c\x5e\x84\x17"
	"\xa0\x89\x30\x31\x7a\x57\xb6\xc4\x2d\x49\xa3\x04\x74\x2c\xa2\x1e"
	"\x6b\x68\x22\xf1\x1f\xb5\x35\x99\xe2\xc4\xa6\xc0\xe2\x5a\xda\x6e"
	"\x5f\xc0\x4b\xd7\x26\xf1\xa6\xb3\x47\x16\x4b\x83\x82\xe4\xfa\x09"
	"\x2c\x09\x09\xa1\x81\xd1\xa8\xa8\xc0\xf5\xe5\x57\x9a\x8c\x5d\x9e"
	"\x5e\x5e\xff\x54\x9e\xb5\x0c\x4f\xa4\x46\x45\xa2\xab\x4c\xb4\xd6"
	"\x22\x4a\x50\x5a\x1a\x4f\xc9\xab\xa2\x92\x84\x74\xfd\x8b\x68\x26"
	"\x12\xf2\x1e\x22\xab\xca\x85\xcf\x14\x66\xc0\xc3\x63\x7a\x81\x55"
	"\x66\xfb\x4a\x3a\x4a\xd9\x6c\x4f\xab\xa9\x87\xe8\x57\xda\xe1\x73"
	"\xd2\x4c\xbc\xec\x6b\xed\xab\x9b\xa6\x3a\x6c\x68\xcb\x8f\xf9\x15"
	"\x20\x67\xf2\x78\x05\xe5\xb7\xb9\x36\x13\x3a\x17\x07\x83\xbb\x98"
	"\x7c\x7f\x43\xa5\x4a\x0c\x6b\xad\x98\xae\xba\x43\x34\x71\x1c\x75"
	"\xe2\x8b\x13\x92\x8a\xec\x9f\xe7\xd3\xcd\xd2\x7c\xd8\xd4\xcd\x8f"
	"\x10\x89\x4b\x7d\xfe\xe9\x14\x0b\x1f\xd9\xbf\x5e\x9a\x65\x7d\x31"
	"\xe6\xdc\x0a\x68\x71\x99\xa5\xe8\xfc\x96\xcf\xc0\x03\x81\x51\x5b"
	"\x02\xe9\x2a\x12\xc8\xfa\x16\x0d\x34\xde\x18\x44\x3f\xaf\xae\x19"
	"\xbe\xe6\x99\x45\xc2\xff\x75\x5b\x9a\xd8\xa7\xaf\x34\xe9\x28\xe8"
	"\x35\x56\x3a\xbc\x4b\xf3\x8e\xff\x92\x06\x2c\xde\xfb\xcc\xfc\x78"
	"\x63\x16\xd8\x45\x74\x04\x73\xc2\x40\x88\xf3\x14\x7c\x16\xeb\x5e"
	"\x9c\x42\x30\x7c\x2c\x74\x41\x91\xb0\x3b\x37\x3b\x49\x11\xf2\x3d"
	"\x80\x34\xf2\x05\xa3\x9b\x17\xe9\x1d\xa5\xc0\x41\x8c\x48\x62\x38"
	"\x9a\xf3\x5a\x71\x4b\xb3\xd0\x8b\x0a\x04\x0e\x7a\x1a\x91\xcd\x95"
	"\x2b\xc5\x05\x08\x2c\x84\x43\x15\xf3\xfe\x0a\x4e\x0a\x38\xc7\xbb"
	"\x4f\x50\x71\x18\x16\xb3\xf0\x7a\xcb\xc6\xe2\x0b\xbe\xa4\xa3\x22"
	"\x30\x44\x17\x6f\xd8\xb5\xc6\x82\xe6\x8c\xa0\xb7\x13\xf3\x34\xce"
	"\x94\xc1\x8b\x37\xa5\xb5\x4a\xaf\xe2\xba\x80\xf7\x5d\xa1\xc9\x7c"
	"\x21\x11\x37\x69\x62\xb3\x4c\x2f\xef\xa0\xda\x0e\x8f\x77\xbd\x5d"
	"\x92\x2f\xf0\x83\xee\x06\x42\xa6\x54\x21\x41\xa6\x41\xe1\x2c\xe2"
	"\x59\x63\x18\xcf\xf0\x96\xa5\x79\x5e\x80\xb4\x6e\xee\xeb\x62\x8c"
	"\x4d\xa7\xc2\x39\x2a\x94\xf1\x85\x5f\xc2\x04\xaf\x93\x54\xdb\xd1"
	"\xab\x49\xed\xbb\x57\x27\x9d\x96\x5b\x90\x1f\x93\xe0\xa6\x43\xb8"
	"\x9a\xdf\x6a\x70\x3e\x29\x08\x65\x9a\x2a\x9b\x2c\x3f\xaf\xd5\x2a"
	"\x95\xce\x3d\xe0\x1b\xcd\x33\x92\x4c\x6a\x4a\x36\x2b\x42\x86\xb9"
	"\xf0\x68\x81\x99\xe9\xeb\x89\x36\xea\x24\x97\xea\x16\xba\x83\x28"
	"\x9e\xda\x5c\xa6\xaa\x22\x2b\x59\x87\xc9\x07\xe1\xe7\x16\x6e\xcc"
	"\xb8\x3f\xc1\x3b\xe5\x82\x1a\x87\xd8\x29\x68\xa7\x04\x51\x6c\x8d"
	"\x41\x16\x1f\x27\x2d\x8c\x5f\xfb\xb7\x19\xc5\xe6\x7a\x24\x84\xaf"
	"\x5a\x4a\x55\x1d\x5c\x4e\xc9\xd3\xbc\xfb\xbb\x0a\xf7\x41\x3f\x11"
	"\x4e\xb0\xbc\xd3\x40\x48\x2f\x50\x61\xda\x7f\xc5\x4a\xc8\x49\x67"
	"\xa4\x48\xbe\x03\xee\x04\x27\xe5\xb9\x4b\x00\xaf\x1c\xa9\xce\x11"
	"\xb4\x39\x2c\x9d\x57\x7f\x55\x47\x97\xa2\xa5\x18\x92\x0c\x1d\xae"
	"\x7c\x0d\x49\x28\x3f\xd4\x3d\x53\xa2\xaf\x2a\x28\xf3\x3b\x40\x96"
	"\x1d\x48\x6f\xe1\xe7\x47\x46\xf4\xa4\x32\xb4\x7d\x57\x94\x99\xcd"
	"\xb3\x6a\xda\xb5\x43\x6c\xf3\xb3\x42\x7b\xd5\xd9\x08\xec\x31\x54"
	"\x1f\x9f\x3a\x0d\xdc\x17\x58\x24\x49\x44\x36\x5b\x5f\x51\x22\x51"
	"\x9e\x5c\xe0\x49\xa3\x2c\xb6\x55\xad\x12\xbc\xd4\x20\x62\x39\xb6"
	"\x1f\xa7\x65\x36\x25\xca\xc5\x0e\x56\xae\xf2\xf8\xd7\xad\x8a\x3b"
	"\x08\x77\x01\x5b\x8c\xbb\x79\x61\x7b\xeb\xb6\x22\xc8\x4d\xc9\x30"
	"\x24\x75\xb2\xde\x55\x05\x3a\xd9\xf6\xd8\xb6\x0a\x3e\x75\xe1\x6d"
	"\x41\xd9\xc3\xa0\x16\xfe\xcf\x5d\xbb\x19\x18\x48\x5b\x55\x00\xde"
	"\xa6\x06\xa5\x39\xfd\xc4\xab\x38\x65\x59\x78\x75\x5f\xd5\x92\xf6"
	"\xfc\x5f\x3c\xf9\xba\x77\xb7\x04\xca\xff\x69\xde\xde\x5b\xc8\xcd"
	"\x36\x46\x6e\xc8\x91\xdf\xfe\xa8\x1b\x92\x1e\xdd\x74\xb8\x99\xc3"
	"\xd4\x71\xa3\xe2\x7c\xa8\x21\x69\xe6\x46\xdc\x60\xb4\x77\x23\x48"
	"\xcc\xcf\xe8\x8c\x0c\x7c\x4f\x18\x0c\x76\x5c\x10\xee\xdc\x80\xed"
	"\xd6\x2c\x10\x6c\x78\xea\xad\xd1\xab\x5f\x2b\x92\xaa\xa7\x41\x2f"
	"\x5b\xd1\xe9\x84\x0e\xb9\xa9\xfe\xf3\xa7\xbb\x1f\xbf\x3c\xdc\x7d"
	"\xd2\x1b\x96\x84\x8b\x8e\xa4\xb7\xdd\xd2\x8e\x4b\x75\x83\x3b\x2e"
	"\xeb\xd3\x4b\xb8\xca\x30\x51\x84\x83\xd5\x0e\x41\x7a\xf6\x81\xf3"
	"\xb9\x0a\x51\xa8\xaf\xb0\x65\x6f\x67\x5a\x9a\xb6\xa6\xe5\x88\xbd"
	"\x69\xd9\xdf\x9c\xa0\xf6\x84\xe4\x4b\xfd\x24\xe2\x89\x24\x46\xd6"
	"\x52\xac\x5b\xd5\xd2\x92\x3a\xb8\x59\x2d\x07\x76\xab\xa5\x73\xbb"
	"\x52\xa9\xa2\x8f\x6b\x4f\x49\x9d\x7b\x9c\xf8\x2e\xed\x4c\x11\x29"
	"\x94\xb0\x7e\x4a\xb5\xd4\x9c\x4f\x41\x6a\x1a\xf2\xab\x3b\xbf\x7c"
	"\x86\x98\xdd\xe4\xb8\x43\xec\x9f\x4a\x22\xd9\x76\xd8\x42\xaf\xdb"
	"\x8f\x4e\x68\x42\xb9\x05\x91\x7f\x37\xb9\x3d\x89\xf5\x6a\xcc\xa7"
	"\xb1\xad\x66\xe5\x0c\xd6\x8b\xa1\x78\xb7\xac\xe2\x93\xfc\x16\x0b"
	"\x7b\xd4\xc0\xf8\x25\x22\xb0\x9d\xb8\x36\x3d\x0f\x4e\x02\x97\xc4"
	"\xf0\x9e\x0d\x57\x90\xce\x19\x2e\x48\xfc\xae\x2d\xb5\x33\x19\x4a"
	"\x72\xf3\xb5\x89\x43\xbb\x0f\xe1\x6d\x92\xe1\xd8\xd8\x16\x24\x04"
	"\xb5\x75\x25\x57\xed\xf0\xf9\xf5\x02\x37\x87\x5f\x1f\xc0\x4e\xb6"
	"\xe7\x14\xba\x57\xb2\xe9\x1e\x52\x93\xea\x0b\x8c\x89\x14\xa1\x84"
	"\xf0\x0b\xa5\x6c\x84\x03\xc0\xb9\xbe\x4e\x77\xe8\x65\xdb\x7c\x61"
	"\xf6\x81\x42\xde\xeb\x68\x25\x78\x5e\x74\x57\x95\x51\x93\x97\xbb"
	"\x14\xdc\x63\xa5\xa9\xb8\xcf\x6a\xf9\x23\xe1\xcb\x91\x67\x0e\xf1"
	"\xd1\xd9\x42\xc8\xde\x78\x30\x35\x14\x5a\xd5\x73\xc2\x44\x32\xcd"
	"\x18\x95\x0e\xaf\x4d\xe6\xa3\x49\x83\xc1\x8d\x3b\xa2\x03\x1f\x67"
	"\xf0\x3e\xa4\x91\x61\x7a\xf2\xe5\x36\x5c\x5b\x3b\x8f\x87\xa1\x62"
	"\xc5\xd8\x1a\xc6\xa4\x8a\x24\x3f\x5c\xd5\x7b\x84\x4a\xd9\xa9\xf6"
	"\x7a\x2a\x81\x06\xcc\x92\x85\xf3\x6d\x31\x61\xd8\xd2\xdf\x08\x94"
	"\x6e\x91\x85\x18\x75\xcb\x6c\x29\xfb\x99\x3f\xb3\x90\x48\x11\x58"
	"\x28\x06\x6f\xc1\x1a\x9d\x4f\xa0\x2d\xc9\xba\xfe\x0f\xf5\xe9\x91"
	"\x26\xf9\xd0\xa8\xe6\xb9\xb5\xd9\x14\xe9\xba\x28\x3a\x91\x0c\x16"
	"\xcd\xa2\x7e\x2f\x5f\xf7\x04\xc7\x4a\xdb\xc5\x25\xbf\x70\x31\x73"
	"\xf9\x29\xd2\x7b\x24\x15\xa2\x12\xac\xb9\x2b\xab\x93\x2d\xf3\xe3"
	"\x4a\x32\x8d\xf6\x95\xda\x9b\x25\x40\x32\x4c\x01\x48\x8e\x0c\xd0"
	"\xee\xd8\x42\x1a\x33\x01\xc1\x9e\xb1\xc0\xba\x6f\x4d\x4e\xb2\x1e"
	"\x57\xd7\x1e\x3b\xb7\xa7\xa4\xd8\xbc\xcf\x42\xe8\xff\x36\xb9\x7b"
	"\x79\xfa\xe5\xe1\xf9\x72\x3f\x79\x7a\x81\xd7\xd0\x37\xd3\xc6\x7d"
	"\x66\xdd\x9d\x45\x25\xc1\x28\xd6\x64\xad\xe4\xf7\xdb\xd7\xdf\x2e"
	"\xef\xda\xb3\xaf\x96\x8f\xa1\x62\x07\xb7\x46\xf0\x87\x6e\x3b\x07"
	"\x7b\x68\xa1\x35\x4d\xcb\x64\xe0\x53\x5b\xb8\x10\x30\x44\x37\x96"
	"\xa6\x37\xa8\xeb\x17\x0c\xa0\xae\xbb\xa8\x0b\xc8\xcc\x73\xf6\x8a"
	"\x08\x69\x90\x8f\xfc\x82\x7d\x3c\x54\x98\x4d\x18\x69\xc2\x82\x54"
	"\x55\xf8\x4f\x1c\x2a\x34\xb6\xa8\x1e\x18\xb1\xd9\x6e\x64\xf5\x8e"
	"\xbe\xd3\xd7\xaa\x21\x6f\x0a\x1e\x31\xf3\x01\x4c\x24\x8f\x66\x27"
	"\xa4\x39\xde\x9d\xdf\x94\x66\x62\x63\x1a\xdd\x07\x20\xd7\x33\x07"
	"\x69\x30\xa2\x4d\xab\xd8\x80\xe3\x65\x8e\x2c\x11\x94\x72\xcf\x03"
	"\xd3\xbc\xe3\xa4\xd4\x04\x19\x35\xbf\xf9\x75\x2e\xa1\x74\xb0\xed"
	"\x41\xce\x2f\x11\xa0\x95\xd5\x77\xf7\xd2\x6c\x11\x4f\xb7\xef\x77"
	"\xdf\x2e\xf6\x2d\x22\x81\xd0\x09\xe2\xe5\x07\x2e\x0c\x43\x5d\x21"
	"\xd1\x1d\x27\xc2\x06\x44\xdf\xe5\xb3\x13\x1d\x97\x94\x19\x0d\xd6"
	"\x4c\xe0\x2c\xd1\xfd\x42\x1a\x31\x69\xba\xbd\x61\x98\x0e\x35\x93"
	"\xe3\x1c\xf7\x00\x23\x5c\xd8\x45\x0e\x55\xee\x18\xe1\x2b\xa8\xcf"
	"\xa5\x1a\x70\x79\x39\xb6\x17\xe1\x64\x1d\x8d\xc5\xc7\x0f\x8d\xd0"
	"\x98\xdd\x54\x22\x71\x90\x3a\x3f\x5c\x4a\x05\xec\x74\x30\x9d\x18"
	"\xee\x63\x69\xaa\xeb\x86\xc4\x03\x5d\x2b\xc5\x0c\xe3\xbe\x8a\xe4"
	"\x05\x4a\x77\xd8\x59\x61\xec\x33\xf7\xa7\xc5\x38\xdd\xb1\xbd\x1b"
	"\x32\xf8\xe5\xfc\x46\x3b\x40\x1f\x98\x79\xf2\xfe\x2d\x85\x1b\xae"
	"\xee\x49\xa3\xee\x6d\xce\x85\xb6\x5c\xc7\x0c\x40\x5d\xad\xc8\x80"
	"\xe8\xbe\x18\x99\x20\xfb\x1b\xca\xa7\xb0\x1b\x73\x60\xba\x08\xc4"
	"\x80\xf9\x52\x66\x9a\x53\x73\x0b\xc2\x1f\x01\xb1\xdf\x58\x5b\xe0"
	"\xc8\x03\xac\x06\x63\x14\x27\xce\x7a\xf9\xe9\x36\xb4\x0f\x76\x78"
	"\x66\x03\x20\xab\x1f\x1e\x1d\x10\xa6\xbd\xd4\x59\x10\x42\x2e\x38"
	"\x80\x2a\x34\xcd\x73\x03\xa4\x3d\xf5\x1c\x10\x4d\x4b\xda\x00\x28"
	"\x67\x1d\x91\x11\xd8\xa0\xd8\x5e\xd1\x8e\x7d\x33\x22\x92\xff\xcf"
	"\x08\x81\x4b\x04\x22\xd9\x02\x09\x59\xd3\x5c\xbb\x41\xc8\x1e\xed"
	"\xa7\x4b\xee\xa1\x49\x57\x2f\x16\x61\x99\x8b\x64\xdb\x05\x1c\x04"
	"\x17\x9d\xf7\xb6\x2e\xb9\x9b\xfd\x4a\x2d\xf0\xcf\xa0\x7f\xd3\x6b"
	"\x8e\xb8\x11\x99\x12\x13\x44\x39\xf7\x56\x20\x30\x67\x34\xd1\xcd"
	"\x77\x79\x41\xc9\x0d\x97\x29\xfd\xb2\xcd\xbb\x9c\xa7\x93\xdc\xf0"
	"\x10\x97\x46\x0d\x2b\xb2\x37\xa7\xcb\x83\x45\x1d\xbd\x96\x54\xe4"
	"\x72\x16\x98\x9f\x0c\x5b\x18\x53\x7d\xce\x4b\x42\x57\x46\x27\x53"
	"\x5b\x16\xf2\xe7\x0e\x03\xa9\x91\xe9\x4d\x2a\xc6\xd4\x5a\xab\xc6"
	"\x6f\x6b\x59\xaf\x9d\x6c\x01\x74\x39\xf1\x4e\xbb\x5a\xd6\xb6\xf3"
	"\x95\xe9\x2e\xc6\xd6\xf6\xd6\x5c\x96\xc5\x83\xa3\x06\xe5\x7d\x3d"
	"\x0c\xe2\xdd\x69\xfd\xf4\x02\x9d\xba\xad\xe3\x7c\x6f\x09\x0a\xd9"
	"\xdd\x74\x3e\xb5\xcd\xd3\x01\x35\xc3\x6a\x20\x5c\xbf\xb5\x5e\xb4"
	"\xbf\x2f\xc7\x2d\xdb\xeb\xf2\x5c\x5a\x96\xe7\xd2\xbc\x3c\x97\x43"
	"\xeb\x6b\x69\x90\x37\xda\xf3\xd5\xeb\x4f\x7b\x96\x59\x76\x16\x87"
	"\xd2\xed\x4b\x75\x7d\x58\x86\x46\xc1\xe0\x92\x2c\xe7\xc6\xc1\x51"
	"\x40\xb0\x7f\x59\x6b\x81\x7b\xc5\x70\x3d\xfb\x78\xa8\x12\xf8\x46"
	"\xa9\x87\x68\xad\x2a\xd9\x0f\x15\xa2\x4c\x04\x73\x11\x05\x1b\x6e"
	"\x2b\x2d\x1c\xf5\xa8\x92\x00\x9d\xd2\x9f\x82\xcb\x81\x2d\x62\x39"
	"\x76\x8f\x58\x6a\x8b\x56\x4f\x96\x0b\xa8\x5b\x6a\xb3\x86\x5c\x5f"
	"\x9b\x22\x8b\xa8\xee\x7a\x62\x69\x53\xb5\x79\x7a\x88\x2a\xbc\xed"
	"\xcb\xb8\xd4\x10\x09\xbd\x3d\x56\xdd\x17\xba\xb7\x0f\xe5\xfc\x0d"
	"\x74\x1d\x12\xf8\x5d\x85\xdb\x5d\x95\x6d\x7f\x0e\x52\x63\xd4\x29"
	"\x81\x68\xde\x4a\x85\xda\x85\x78\xca\x81\x17\xce\x7e\x49\x06\x1c"
	"\x18\x9a\x5b\xa2\xc5\x58\x72\x74\x43\xa1\xa9\xf8\xa1\x16\xb8\x6a"
	"\x56\x95\x09\x64\xe5\x1d\x35\x84\xc2\x12\x69\x88\xd9\xa2\x31\x22"
	"\x66\x92\xcc\xd5\x97\x8f\xab\xa5\x22\xff\x5d\x1d\x67\xa6\x4f\x52"
	"\x4f\xe9\xee\x93\x4f\x3d\x19\xc8\x2e\xe1\xe3\x06\x16\x12\x1d\x1d"
	"\xc6\x9a\x7e\x8c\x51\x5a\xaf\x0c\xf3\xf3\x97\x34\x6a\x15\x62\x38"
	"\xd4\xd5\x82\xe1\x49\xa6\x90\x08\x50\xe4\x7a\xea\x7b\x9a\xb1\xc6"
	"\x35\xb5\xda\x1d\x2d\x3c\x90\x82\x49\x8e\x46\xbd\xa4\x38\xd6\x1e"
	"\xdb\xf9\x4f\x8b\xf7\x5e\x86\x2c\x26\xed\x67\xdf\xec\x96\x39\x46"
	"\xb9\xd9\x0e\x29\xdf\xf3\x09\x65\xde\x95\x96\x71\x76\xca\x91\xe5"
	"\x80\xc5\x18\xc3\xa7\x2c\xe6\x16\xf5\xaa\x26\x22\x96\x38\xf6\xbe"
	"\xfc\xb8\xfc\xb8\x3c\x3c\xff\xf6\x53\x6d\x68\xa3\x19\xc3\xd5\xe8"
	"\x6a\xaf\xfb\xe3\x6a\x93\x23\x6a\x7d\x1a\x15\x80\xbc\x20\x99\x13"
	"\x20\x2e\x92\x5f\x9c\x90\xc2\x2e\xe2\x14\x74\x1a\x6d\x07\xe8\xee"
	"\xf2\x19\xfe\x12\xbb\x01\xdb\xc8\x49\x0f\xb6\xd4\x49\xe7\xf7\x0b"
	"\x27\x7d\x37\xf4\x85\xfc\x6f\x9c\x38\x11\x61\x51\xb8\xbb\xf9\xcb"
	"\xe0\x48\xd0\xc3\x76\x10\x13\xec\xb3\x03\x76\x22\xbe\x0c\x74\x76"
	"\x00\xca\xfb\x4e\x44\xf4\x65\x04\x28\x40\x03\xed\x18\x68\xc6\x7e"
	"\xef\x1e\x92\x9c\x60\xfb\xda\x51\x1e\xc8\xfb\x19\x63\x4b\xc4\x95"
	"\x76\xa4\xe4\xb9\xd1\xbb\x32\x06\x8f\xb7\x6f\x6f\x0f\xbf\x3e\xdc"
	"\xf5\x9f\xe5\x39\xd3\xdd\xab\x8b\x27\x81\x61\x29\xb1\x2f\x3f\x40"
	"\x08\x65\x09\xdb\x2e\x00\x80\xe8\xa4\xab\x1d\x42\x5a\xa9\xc6\xa2"
	"\xa8\x13\x84\xfb\x82\x7e\x6a\x4f\x4e\x24\x0b\x8d\xb3\x93\xa9\xbd"
	"\xd6\x10\x7e\xed\x07\xf5\x44\xc2\x6d\x79\xb8\x70\x7e\xa8\xe0\xce"
	"\xcc\xf1\xb7\x84\x32\x63\xa2\xc7\xf6\xbd\xa6\xd5\x06\xd0\x6a\x30"
	"\x67\x85\x18\x24\x56\xe1\x66\x03\x11\x22\x62\x67\xb5\x5d\x69\x82"
	"\x42\x49\x30\x43\x43\x15\x80\xed\xfe\x10\x86\xf3\xfb\x8e\x6e\x45"
	"\x81\x2e\x9c\x81\x04\x29\x20\xeb\x3e\xaf\x08\x0a\x58\x98\x5b\x4a"
	"\x03\x72\x42\xc0\x38\xc0\x94\x91\xa2\x24\x8f\xb1\x23\x6b\xc7\x4e"
	"\xa8\x49\x4e\x91\xfd\x03\x45\x53\xb1\xe3\xe5\x51\xd6\x4c\x1c\x03"
	"\x25\x00\x87\xed\x60\x21\x41\xe7\xb9\xb2\x07\x00\x1e\xc1\x09\xe0"
	"\xf3\xd7\x5d\x43\x2d\xd4\x1f\x6a\x6a\x92\x85\x4e\x08\x89\xb0\x93"
	"\x2e\xd5\x9a\x40\x95\xdd\x31\x2b\x88\xea\x73\xb2\xdd\x36\x49\xa4"
	"\xb9\x6d\x0d\x03\xf3\xd9\x1a\xa6\x60\xcc\x41\x33\x88\x5a\x6e\xe6"
	"\xf4\x39\x87\x89\x84\xd5\xb0\x91\x9c\xe5\x38\x3d\xd2\x13\xe1\x93"
	"\xd7\xcc\x8e\x19\x54\xec\x35\xbd\x2b\xd0\x29\xb0\x5a\x26\xf0\x69"
	"\x68\x3f\x91\x53\x6a\xae\x72\x4f\x1d\x47\xa8\x68\x69\x47\xeb\x47"
	"\x43\xc4\x33\x90\xc7\x80\x10\xd1\x85\x4a\x03\x63\x94\x96\x42\x8d"
	"\xab\x5a\x44\x22\x8a\xb0\xaa\x17\x78\xce\xa9\x21\xde\x26\x14\x68"
	"\x3d\xb1\x15\x4c\xad\xbc\x6f\x99\x0a\x05\x04\xb0\xa5\x37\x95\x1e"
	"\xcd\x6f\xfb\xa5\x1f\xf5\xae\x1b\xeb\x8e\xb2\x02\xa3\xc4\x60\xd8"
	"\xae\x2a\xa4\xc7\x10\xda\xbc\x7e\x8f\x50\x2d\x58\x26\xef\x97\xb7"
	"\x3a\x70\xb3\xd6\x43\xf9\x81\xd9\xc2\x31\x0b\xb6\xbf\xc8\xf2\x2a"
	"\xc9\x52\xc2\x32\xf3\x68\xed\x51\x52\xa0\xd0\xd6\x29\x96\xf5\x6b"
	"\xb1\xbd\x47\xfc\x06\x7d\x2e\x6c\x37\xa8\xa8\x3a\x18\x3d\x61\x81"
	"\xf5\x46\x51\x6a\xa2\xa8\x13\x29\x70\xac\x69\xd4\x35\x29\x95\x0c"
	"\xa4\xd4\xa4\x62\xa1\xa6\xa1\x8a\x45\x45\x92\x1e\xa6\xb8\x4e\x22"
	"\xca\xcb\x45\x10\xed\x80\xe1\x57\x0c\x10\xd2\x58\x24\xf0\xd3\x83"
	"\x32\xd0\x16\xed\x63\x61\xa2\xe2\x98\x2f\xc4\xa2\x3a\xa1\x22\xe5"
	"\x3c\x8d\x3e\xc9\x1a\x58\x80\xc1\x3d\x53\x1d\x1b\xad\xca\xd2\xd2"
	"\xa4\xbe\xd2\xa2\xc1\x21\x03\xff\x36\x11\x0e\x12\xec\x5b\xf0\x2e"
	"\xdc\x1a\xea\x06\x33\xee\xc6\x81\x08\x40\x60\xaf\x32\x57\xdf\xdc"
	"\xb3\x73\x67\xb5\x41\x11\x22\x25\x12\x58\xbf\x98\x93\xed\x14\xe5"
	"\xf7\x6d\x81\x30\x47\x19\x92\x99\x39\x8f\x20\x9e\x14\x85\xa7\x73"
	"\xe1\x10\x7e\x7a\x2d\xe0\x44\x78\xaa\x39\x10\x6a\x74\x20\xb1\x9d"
	"\x8f\xdd\xe4\x96\x49\x4a\xcc\xa7\x48\x80\x73\x78\xdb\xdb\x1a\x05"
	"\x33\x81\x2e\x38\x0c\xf8\xe6\xb8\x23\x0c\x59\x6a\xe7\xf4\x34\x20"
	"\x56\xda\xde\x10\xce\x25\xbd\xdc\xbe\x4e\xa2\x87\xcb\x23\x84\x32"
	"\x7c\x7a\xfa\xf1\x5c\x73\xaa\x93\xbf\xf1\x1c\x7f\x9f\xdc\x5f\x7e"
	"\x7f\xb8\xeb\x68\x08\xf0\x92\xf2\x74\x31\x9b\x81\x21\xb6\xb5\x2e"
	"\x89\x20\xbe\x85\x91\x3d\xe7\x02\x45\x53\xef\x6c\xb2\x92\x6e\xe8"
	"\x79\xba\x3e\xeb\xa6\x6f\x7d\x66\x44\xb7\x0e\xb2\x1c\xa1\x26\x9d"
	"\xe0\xe6\xcc\xa3\x4c\x06\x06\x50\x9c\x9c\x15\x19\x1f\x96\xb8\xcf"
	"\x9e\xf3\xb5\x05\x47\x94\x71\x52\xdd\x88\xd9\x5f\x23\x34\x3b\x66"
	"\x44\xe2\xec\x68\xdc\x4b\xa5\x9b\xb8\xeb\x46\x2c\xfa\x39\x14\x7d"
	"\x6e\xf6\x68\x89\x92\x2d\x6a\xdd\xde\x80\x53\xbb\x87\xbb\x1a\x38"
	"\xc9\x5a\xc3\xc1\xab\xa1\x9f\xb4\x18\x95\x0f\xe2\x16\x93\x84\x23"
	"\x4b\x72\xa3\x46\x29\x5f\x1d\x69\x88\x62\xcd\xdd\x56\x5e\xc8\x12"
	"\x5b\x77\x95\xc2\xd5\x76\xd3\xa0\xd6\x19\xe7\xe3\xcb\xed\xbd\x70"
	"\x31\xd9\xf4\xc0\xa9\x92\x5e\xcc\xd5\xa8\xbc\xac\x40\x6d\x39\x10"
	"\x0b\xb9\x8b\xad\x14\xbf\xdb\x8a\xed\xa8\x89\xac\xba\x3e\xb9\x76"
	"\xfb\xa9\xea\x59\x0a\x37\x3d\x19\xc3\xf9\x05\x4e\x5e\x14\xab\xf5"
	"\x4e\xa4\x4e\xe9\x47\xd9\xd2\x69\x02\x80\x8f\x85\x45\x1e\x2a\x01"
	"\xb0\x47\xd7\xc5\xf0\xdd\x30\xc9\x2c\x1e\x75\x05\x0c\x89\x40\xb0"
	"\x35\x58\x38\xf8\x73\x98\xf8\x0a\xaf\x5e\x25\xcb\x04\xce\x10\x94"
	"\x90\x93\x8f\x65\xcc\x7f\xa0\x2d\x89\x09\xd3\xec\xd2\x6a\x8f\x08"
	"\xaa\x23\xa5\x9d\xf6\x9a\x54\xfb\xbe\xe0\x2b\xb7\x97\x46\x55\xb7"
	"\x7a\x75\x5a\x92\xa8\xd1\x7d\xc1\xad\xa0\x08\xbe\x11\xf2\x4a\xa2"
	"\x48\x97\xca\x03\x31\xc2\x10\xff\x55\x68\x42\x99\x96\x22\x78\x25"
	"\x4c\xd0\x75\x21\xfc\x7a\xfb\xe3\xf1\x1d\x9c\xf0\xbf\x3f\xfc\xf6"
	"\xe3\xe5\xc7\xdb\xe4\x49\x7a\x15\xe0\x93\xec\x76\xf2\xf6\xf0\x7f"
	"\x2f\xff\xa3\x3a\xf0\x47\x62\x13\xaf\x12\xa9\xdd\x73\xb5\x4e\x6b"
	"\x29\x14\xe2\x2a\xf6\x74\x7f\x34\x32\xd8\x20\xf3\x19\x6e\x35\x40"
	"\xd7\x8a\xb2\x04\x16\xd4\x41\xe8\x6c\x33\x31\x6f\x83\x84\xac\xbb"
	"\x43\x28\x9d\xae\x65\x9c\x79\xcb\x76\x37\x6d\xdc\x02\xfe\xfd\x86"
	"\xfd\xb8\x8e\x60\x58\xed\x08\xdd\xf2\x8c\xe6\x2d\x19\x6e\x52\x60"
	"\xbf\x97\xc0\xe0\x9b\x59\xf3\x3a\xec\x58\xe5\xf0\xf1\x01\x17\x1d"
	"\x61\xb5\x6d\xb6\xce\x4e\x2d\x6e\xa2\x12\x16\x1a\x9d\x7d\x2b\x33"
	"\x2c\xd3\x24\x04\x19\x44\x5c\x26\x8c\x99\x15\x22\x38\x15\x5c\x43"
	"\x30\xcd\x5d\x22\x4f\x94\x96\xef\x46\xd2\x21\xdb\xfe\xac\x25\x80"
	"\x4e\x9b\xc6\xb9\xf1\x34\x52\x7c\xd1\x7e\x6b\x36\xbf\xfc\x77\x12"
	"\xaa\x53\x3d\x83\xf7\x3d\xf0\xdc\x0c\xe1\x8b\x70\xd2\x69\x7e\x1d"
	"\x0f\xc1\x16\xd9\x05\xf8\x19\x7b\xe8\x78\x93\xdb\xab\xb4\x8c\xe3"
	"\xae\x53\xd5\xc6\x77\x40\x81\xb4\xea\xe1\x77\x75\x2a\x08\xc3\x5b"
	"\xb3\xfb\xc0\xa6\xcc\x58\x73\xb3\xa4\xa6\x0a\x8f\x0f\xd2\xd2\xc1"
	"\x5b\xf6\x1b\x23\x3d\xde\xc4\x1d\x27\x49\x3d\x58\x58\x6c\x43\x27"
	"\x20\xdd\x86\x8e\xe6\xc9\xcf\xea\x27\x5e\x1b\x66\xa0\x09\x36\x4e"
	"\xb8\xa9\xb8\xce\xda\x10\x42\x69\xf0\x1b\x48\x10\x1e\x43\x9b\x6c"
	"\x5f\x8c\x58\x85\x2d\x46\xd5\xd2\x7b\x95\xd5\xa9\x6d\xdb\x00\xfd"
	"\x7b\x24\x83\x75\x4c\xf0\x84\xf6\x63\xeb\x41\x7a\x15\x59\xd8\x23"
	"\xa0\xc9\x57\xc2\x5e\x79\xc9\xc3\xdb\x9d\x69\x1b\x40\xe1\xc2\x5f"
	"\x9c\xab\x30\xcf\xcc\x0c\xb1\x70\xed\x0d\x73\xdc\xfc\xb6\x10\xd0"
	"\xcd\xcc\xa7\xf3\xa9\xf9\x69\x8c\xef\xda\x71\x46\x4b\xb8\x00\xf0"
	"\x19\x4f\x02\x5b\x68\xb2\x3c\xa4\x1b\xce\x5b\x23\xcb\x3d\x9d\xd0"
	"\xd8\xdf\x4c\xa7\x33\x07\xd1\x37\x07\xd0\xa2\x38\xa5\x59\x41\x2b"
	"\xc6\x41\x8b\x85\x1b\xb3\xdd\x7b\xab\x95\x1b\x22\x1a\xba\x99\x9a"
	"\xf9\xfb\x7d\x12\x2c\x67\x0b\xf3\x2b\x50\x48\xbd\xe5\xda\xb7\x04"
	"\x7f\xdf\xd6\x02\x85\x2a\xa2\x68\x33\x5f\x4f\x2d\xaf\x42\x8c\x11"
	"\x88\x81\x1e\xe4\x33\xd7\x5e\x4b\xf9\x6c\x36\x79\x77\x20\xa1\x8c"
	"\x88\x05\x3e\x04\x34\xa7\x0e\x2a\xc1\xea\xda\x84\x9f\x03\xfc\xf0"
	"\xbd\x11\xa8\x52\x3f\x05\xfd\xee\xa6\x24\x1d\x14\x61\xce\x65\x24"
	"\xa6\xe0\x90\x92\xc2\xd7\x8e\x6f\xd6\x4e\xba\xd2\x17\x2e\xba\xf4"
	"\x30\xe5\x42\xf0\x13\x74\xb9\x5e\x39\x0b\xd9\xcc\x82\xf3\xd2\x0d"
	"\x38\x9f\xe7\x4e\x04\x09\x59\xb5\xde\xec\x73\x4c\xcf\x06\x0f\xea"
	"\x7f\xdc\xbe\x4d\xc8\xf3\xdb\xfb\xeb\x8f\x27\x11\xfa\xfd\xed\x1b"
	"\x67\x41\xee\x27\xef\xaf\xb7\xcf\x6f\xd0\x31\x93\xc7\x87\xe7\xcb"
	"\xe4\x9e\xaf\xcd\x87\xef\xf0\x4f\xb5\xa3\x18\xa9\x28\x73\x4e\xc7"
	"\x98\xd0\x19\x70\x57\xc3\x20\xdb\x85\x0a\xe2\xb3\x72\x7e\x9a\x0f"
	"\x6b\x1e\xf7\xd5\xd6\x9e\xdf\x2f\x8f\x93\x84\x04\x93\xff\x33\x79"
	"\xbd\x3c\xde\xbe\xf3\x96\x5f\x07\xb4\x03\x01\x2e\x23\x6c\x5c\xc4"
	"\x0b\x1a\x0d\xf8\xcd\xb5\x9f\x7c\xe4\xbb\x7f\x3f\xf5\x5a\xd0\xfe"
	"\xe5\xed\xdd\x4a\x0c\x6e\x5f\xef\x4d\xd5\x58\xf1\x2f\xdf\x5f\x5f"
	"\xf8\x8e\xf7\xf6\xf2\x3a\xa1\xef\xfc\x0b\x54\xc7\x52\x7f\x0b\x32"
	"\x9a\xfc\x5d\xb9\x30\xb5\xed\x0b\x7b\xbe\xee\x71\xb0\x37\x0b\x91"
	"\xc0\xad\x55\x55\x30\x7a\xee\x5e\x6b\x9b\x1e\x4e\xf9\x31\x42\xc2"
	"\x56\x70\x41\x31\xd3\xbd\xe5\x82\xbb\x98\x41\x10\x6c\x12\x00\xdc"
	"\x87\xaa\xc5\x91\xf0\x34\x03\xa4\x2f\x49\xd9\x0f\x7c\xae\x51\x73"
	"\xd8\x84\xbf\xc6\xb9\x03\x16\x16\xc7\x6a\xb6\xd4\x62\xd5\x37\xd5"
	"\x66\x4c\x7b\xb1\x87\xa4\x12\x15\x4c\xd9\xbb\x2c\x0c\x5c\x5d\x74"
	"\xc0\x59\x17\x08\xf3\x54\x57\xee\x06\xd3\x53\x25\xb7\x43\x10\x54"
	"\xb9\xa1\x50\xd8\xb4\x82\xb7\x6f\x11\xd7\xa7\x9b\xa1\xf7\x85\xe0"
	"\xba\xae\xc8\x74\x7d\xb6\x6b\x61\xfb\x1b\x6b\x6d\xc1\x97\xd0\x18"
	"\xff\x11\x68\xfc\xcb\x18\x44\x03\xf9\xfc\x49\x44\x84\x5a\x7c\xd2"
	"\xdd\xff\x32\x61\x7d\x29\x54\x7a\x3e\xfd\xfe\xf0\xfb\xad\x62\x60"
	"\x1f\xe5\x3b\x54\xb3\x9f\xf0\x25\xb6\x28\x7d\x50\x04\x4e\xeb\xf8"
	"\x54\x56\x44\x9c\xf4\xbe\x5f\xae\x8f\xf7\x97\x57\x3e\xe3\xdb\xe5"
	"\x22\x7f\x4e\xb6\x8f\x2f\x77\xff\x9e\xb0\x5b\xe5\x75\x1f\x4a\x91"
	"\xce\x38\x99\xd0\x27\xb9\x46\xac\xfa\xc7\x24\xe7\xab\xe9\x1f\x93"
	"\xed\xed\xfb\xfb\x85\xdf\xa3\xfe\xcf\x24\x7e\xf9\x8f\x24\x75\xb2"
	"\x83\x73\x5b\x31\x18\xaa\xd7\x32\xe1\x7a\x12\x15\x32\x20\x49\xc0"
	"\xe2\x6e\xf7\x07\x9c\x0f\x92\xf7\x3e\xfb\x00\xc4\x07\x8e\xa8\xb6"
	"\xdb\x38\x4f\x86\x40\xa9\x85\x3d\x02\x48\x18\x24\xb5\xa3\x17\x27"
	"\xa4\x1f\x6a\xdc\x08\xb1\x45\x43\x57\x21\x0b\xcb\xb4\xf9\x92\x51"
	"\xe9\xd1\x0a\xcc\xbf\xbb\x3d\x42\x0b\xfe\x2d\xe0\x51\x32\xb0\xe4"
	"\x06\x41\x44\x3b\xe9\x4b\x55\xd9\x4b\x4c\x38\x41\x61\xfb\x22\x63"
	"\xf0\x36\xb2\xeb\xf9\xb6\x81\xe1\xac\xe2\x2d\x62\x0d\x63\xa6\xe7"
	"\xe7\x04\x7e\x2e\xdc\x54\xe0\x90\xb1\x53\x94\x19\x78\xbd\xfe\x0e"
	"\x64\x80\x76\xb7\x99\x9c\xc8\xf0\x26\x45\xa2\x95\x19\x0a\xe1\x13"
	"\xdc\xe8\x9c\xe5\x59\xa8\x27\x09\x15\xf2\xa0\x3b\x1b\xc5\xde\x95"
	"\x42\x80\x01\x03\x21\x86\x48\x63\xdb\x7e\x77\x35\xb4\xda\xb9\xb1"
	"\x8c\x21\xd7\x59\xed\x0d\x66\x47\xa5\xd7\x44\xe3\x46\xab\x02\x1a"
	"\x7f\xf8\x9f\x7e\xf7\x3e\x75\x96\x72\x9e\x38\x82\xdd\x2b\x80\x4e"
	"\xbc\xfb\x2b\xc5\x1a\xb2\x5e\x81\x2c\x86\x21\xab\x11\x90\xd5\x20"
	"\x64\xbd\xb0\x42\x72\xc7\x6a\x46\x79\xa9\xc4\x70\x1d\x82\xf1\xd3"
	"\x68\x24\x32\x09\x63\x34\x16\x7b\xb4\x98\x4a\x29\x10\x2c\x84\x57"
	"\xfd\xe2\xd4\x7d\xe9\x1a\xe3\x4b\xff\x7a\x98\xb4\xe0\x3f\xd4\x91"
	"\x2f\xa1\xf4\xa8\xcf\x21\x48\x3d\x64\x45\xd6\x0b\x0d\x25\xbc\x7d"
	"\xb3\x0c\x1c\x6e\xfa\x8e\x41\xa9\xb2\x3c\xb7\x92\xe9\x29\x4f\x6c"
	"\xe7\xdc\x36\xe9\x7e\x00\xec\x61\x47\xcf\xb1\xc1\xa9\xfe\xae\x44"
	"\x19\xb0\xa2\x9b\x48\x69\x06\x52\xbb\xf0\xf4\x7e\x12\xa4\x3d\x78"
	"\xdf\x62\xfc\x8a\x65\x9f\x94\x1d\xe0\x62\x2c\x70\x39\x16\xb8\xb2"
	"\xf5\x8d\x0e\x5b\x0f\x7c\xc1\x66\x6c\x7d\x9b\x7c\x24\x72\x33\x1d"
	"\x09\x9c\xd9\x3b\x05\x9f\xd9\xb6\xb4\x18\xcf\x8a\x09\x5f\x9e\x51"
	"\x18\x80\x67\xbe\xc8\xd2\x0d\x10\x52\xb4\x48\xc1\x3f\xf0\x1e\xa4"
	"\x10\x7c\xbb\xbe\xc9\xe1\x6d\x83\x69\x96\x05\x49\x14\x8a\xa6\xac"
	"\xa6\xbc\x6d\xa5\xde\x55\x4d\x6a\x53\x82\xb1\xa2\x16\x14\xc5\x58"
	"\xdb\xf4\x5b\xc2\x36\xd6\x75\x52\x14\x52\xb1\xdb\xc6\x66\xbf\xe5"
	"\x57\x4c\x1c\x66\xc6\x62\x43\xaa\x09\xd9\x9a\x0f\x59\x0a\xaa\xa5"
	"\xdf\x6a\x32\x09\x5c\x74\x5e\xa1\x95\xbc\x59\xf5\xb2\x77\x47\x17"
	"\x3c\x58\x57\x7b\xd4\xc6\x77\x4b\x7e\x3c\xbe\x3f\x24\x10\xa8\xf4"
	"\x1f\x93\xf0\xe1\xed\xfb\xe3\xed\x9f\xff\xe0\x77\xa7\xa7\xcb\xeb"
	"\xad\xce\xaf\x85\x84\xe6\x0a\x03\xab\x1d\x66\x14\x07\xd2\xc9\x72"
	"\x05\x4e\x03\xcd\xe7\x19\x3d\xe6\xe0\xd7\x3b\x61\x18\x9b\x01\xe0"
	"\x3d\x5b\xf8\x50\x04\x9f\x5e\xfd\x07\x59\xb1\x23\x71\x4e\x09\x8c"
	"\xef\x48\x20\xb8\x73\x26\x5f\x96\xf7\x27\x93\xf8\xbb\xa4\x2c\x4b"
	"\xae\x01\x5d\x77\xf2\x92\xfb\xf9\xd3\xdb\xe2\xdf\xdf\x9e\xfc\xb7"
	"\xfb\xea\xe9\xf6\xe1\xb9\x7a\xfb\xf1\xfc\xfc\x67\xf5\xf4\xf0\xfd"
	"\xa1\x7a\xbd\xfd\xcf\x44\x27\x42\x84\x87\xa7\x2b\xf1\xdb\x83\xb7"
	"\x9c\xcd\xff\xb7\xfa\xf5\xf5\xe5\xf9\xdd\x4d\xfc\xdf\xf7\xcb\xdd"
	"\xb7\x2b\xf1\xe5\x77\x7e\xb2\x2d\x2b\xde\xd5\xaf\xb7\xd5\xed\xed"
	"\xdd\x95\xf2\xf0\xf4\x07\xdf\x7c\x6a\x4a\xa7\x31\x2f\xbf\x4f\xfd"
	"\x5f\x3c\x08\xec\xfb\xfd\xfd\x9b\x9b\xf8\xfe\xfa\xe3\x51\x21\xfe"
	"\x76\x37\xf5\x9f\x3c\xfe\x11\x77\xaf\x2f\xdd\x86\x6a\x34\xb5\x2d"
	"\x1d\xce\x02\xe6\xd3\xda\xaf\xb6\xa1\xfd\xa6\x21\x86\x1c\x54\x2e"
	"\x03\xc3\x5b\x96\xe6\xe2\xb4\x09\x86\xd1\x1f\xf8\x86\x64\x18\xea"
	"\xc1\x51\xe5\x18\x98\x88\xbd\x29\x12\x62\xe0\x53\x65\x3c\x08\xf7"
	"\x71\x0b\x6f\x62\xdd\x9a\x2d\x4a\xc1\xed\x07\x9f\x6d\x9c\x96\x69"
	"\x72\x7e\xfe\x34\xed\x34\xb0\xc8\x4a\xe1\x9f\x9d\x7f\x41\xe1\x68"
	"\x1d\x94\xb6\xc7\x64\xb7\xe7\x77\x41\x7f\x3e\x9d\x7e\x52\x09\x27"
	"\x12\xb2\xfd\xe7\x4f\xde\x74\x7d\x4d\xaf\xbb\x06\xc8\x67\x51\x6b"
	"\x3f\xfd\x46\x4d\x17\xdb\x34\x6f\xa9\x65\xa9\x71\x6e\xc3\xc5\xf8"
	"\x50\x02\x76\x23\x10\x12\x9c\x8f\x43\x56\xb2\xbc\xb4\x33\x48\x4d"
	"\xe4\x66\x7e\x31\x15\x71\x05\x06\xf8\x29\x08\x57\x59\x26\xf0\x48"
	"\x09\x01\x20\x78\x0b\xcb\x3c\x14\xd1\xd9\x9d\x23\x99\x83\xf2\x6f"
	"\x9c\xc9\x9b\xfd\xe7\x4f\xb0\x5b\x75\x3a\x3e\x2c\xf0\x6c\x3a\x58"
	"\x3b\x64\x84\xc6\xc2\xed\xa3\xf6\x2b\x2d\xdf\x5a\x07\x33\x9e\xab"
	"\x7d\x08\xfe\x1f\xc3\x7c\x58\x78\x21\xd7\xd6\x31\xcc\x06\x24\x17"
	"\x12\x17\x24\xa1\x4b\x60\x71\x84\x05\x18\x25\xbd\x21\x24\x9c\x43"
	"\x2a\x7b\xce\xd4\xf5\x0a\xe6\x36\x86\x32\xa7\xb8\x84\xe6\xcd\x4b"
	"\x7d\x97\x8e\x62\x61\x21\x0f\xf3\xb2\x53\xdd\x71\x1e\xfb\x0a\xd9"
	"\x5a\xe7\x15\x52\xa1\xd3\x6c\x39\x9f\x8f\x41\xf2\x73\xd8\xdb\xd8"
	"\xd8\x47\x05\x97\x05\xf9\xda\xd3\xb5\x66\xbb\x25\x25\xbc\x4e\x7f"
	"\x54\x9d\x80\x9c\x8d\x46\x8e\xfa\x8e\x82\xcd\x17\xd3\xc5\x38\xe4"
	"\x62\xba\xf6\xc6\x20\x05\xaf\xb6\x1c\x8b\x5c\x4d\xc7\x22\x97\xa3"
	"\x90\xf4\xe6\xc4\x56\xeb\x31\x48\x7b\xe8\x57\x13\x50\x04\x9b\x18"
	"\x85\xb6\x3c\x44\x74\x60\x39\xb3\x4d\x64\x4e\xaa\x63\x4b\x59\x11"
	"\x61\xac\x66\x2f\x98\xbe\x0c\xd4\x35\xd7\x32\x1a\xaa\x99\x96\x08"
	"\x49\x76\x73\x25\xda\x4e\x10\xac\xfb\xef\x6a\xd2\x64\x87\x88\x7f"
	"\x0d\xed\x2c\x02\xb4\x2d\x97\x33\x6f\xb9\x40\xd1\x47\xe0\x9b\xb1"
	"\x70\x14\x2e\xd6\xfe\xf4\x43\xe8\xd9\x47\xb0\xa3\x4b\x3e\xac\x66"
	"\xf3\xc5\x47\xd0\x2b\xef\x03\x5d\x32\xf7\xe7\x1f\x42\x6f\x3e\x82"
	"\x5e\xcd\x17\xbb\xd3\xd7\xb1\x39\xc2\xd3\x66\xe5\xad\x3f\x86\xa6"
	"\x1f\x82\xcf\x3f\x88\x1e\x0d\x5e\x8f\x2f\x3a\x0e\xd6\x1c\xee\xfb"
	"\x1f\xc2\xfb\xde\x87\xf1\xe7\xf0\x83\x39\x46\x7f\x41\x94\x2c\x46"
	"\xaf\x8b\x28\x5f\x2c\xbc\x29\x1e\xdd\xfa\x84\x6d\xf2\xa9\xb7\x1a"
	"\x0b\xcf\x8e\xeb\xb5\x3f\x7a\x71\xc8\x5d\x49\xf0\xf0\xe3\x32\xec"
	"\x50\x34\x9d\x8e\x5e\x4d\x02\xed\x7f\x08\x3d\x7a\xb6\x9f\x8e\x0b"
	"\xcf\x43\x66\xb4\xca\x54\x82\x52\x07\xea\x3f\x27\x24\xe1\x17\xb3"
	"\x9d\x6a\x43\x35\xe6\x60\x68\xeb\xc8\x52\x25\xdb\xec\x5c\xeb\x67"
	"\xeb\x1c\x52\x5e\x0e\xb3\x86\x16\x91\xa3\x7a\x69\x49\x88\xa9\x74"
	"\x48\x3e\xa2\x82\xa0\xd4\x5e\xfa\xcf\x39\xb6\x5f\xe7\x82\xa0\x74"
	"\xf4\x5e\x63\xfc\x6d\xbe\xbc\x03\x62\x87\x53\x82\xc1\xcb\xa8\x02"
	"\x91\x0f\x49\x97\xe7\xb7\x17\x55\xcf\x54\xca\x0c\x60\xce\x59\x64"
	"\x05\x92\x06\x92\x3f\x02\x02\x21\x88\xf7\xf2\xc9\xfb\x57\xf7\x2a"
	"\x05\x1a\x8a\xb5\xc8\x48\x1a\x3e\xe0\x22\x4b\xb0\xd9\x13\x87\x7e"
	"\x73\xd4\xd0\x9d\x07\x56\x20\xed\xcb\x6d\xef\xe1\x2f\x98\xcd\xbd"
	"\x69\xf7\x79\xdc\x5c\x7a\x4c\xf3\xde\x41\xae\x35\x16\x00\x66\xfd"
	"\xb7\x6e\x41\x96\x11\x11\x25\x18\x5a\x19\x70\x4e\x74\xb1\xb0\xb3"
	"\x63\x31\x2b\x66\xd3\x99\x8b\xbc\x70\x88\x1c\x29\x3b\xcc\xce\xde"
	"\x19\xc4\xb2\x83\x9d\xb0\xbb\x29\x32\x1a\x64\x79\xe7\xbd\x08\x92"
	"\x0d\xed\x26\x6c\xe7\x4d\xbd\xa9\x43\xa0\x78\xed\xbd\x04\xed\x52"
	"\xcc\x46\x8e\xb4\x0a\xee\xbc\x64\xa3\x9d\xa1\x21\xe8\x90\x4c\x37"
	"\x1b\x6f\x6d\xe9\xf7\xfd\x49\x7b\xed\xd1\xeb\xda\x22\xe3\x8c\x82"
	"\x64\x43\x4d\xdb\x24\xf7\xd7\xd3\x51\x7d\x49\x19\xce\xa5\x4e\x9a"
	"\xae\xef\xda\x41\x91\x5d\x2a\xec\x2d\x52\x08\x92\x0a\xd2\x07\xdb"
	"\x06\xc2\x8b\x03\xb0\x6c\x94\xa5\x2c\x56\x36\xae\xc1\x3b\x53\x00"
	"\x31\x9e\xcf\x3a\x50\x24\xcd\x0f\x1d\xba\x42\x3d\xa1\x03\x36\x74"
	"\xc5\x2e\xde\xb9\xca\x44\x29\x85\x07\x3d\x11\x81\xcf\x5e\x76\x4e"
	"\x82\x43\x99\x6b\xdf\x24\xee\xe5\x52\x18\x94\x15\x10\x26\xbd\x16"
	"\x18\x76\x31\xb2\xb7\x9a\xf9\xd5\x23\x33\x12\x33\x49\x33\xb4\x1d"
	"\xb4\x41\x1d\xad\xa2\xa8\xa8\x5c\xfd\x2c\x76\x3a\x0d\x90\xa2\x34"
	"\x33\x25\xc8\xee\x55\x15\xa4\x4d\x45\x55\x51\xa9\x87\xce\xee\xac"
	"\xca\xe2\x58\xb5\x17\x14\x33\x22\x19\x84\x0c\x02\xe4\x23\xbe\xd8"
	"\x49\x87\x6a\x2b\xd0\x51\x1c\x2a\xbd\x4b\x93\x8e\x53\x86\x6f\x70"
	"\xb5\x94\x29\x9f\x29\x04\x36\xf2\x81\xca\x6b\x20\x6c\x49\xe3\x90"
	"\x7c\xcb\xe8\x01\xe5\x2b\x71\x43\xee\xcd\x1d\xa5\x0e\xd3\xc4\x47"
	"\x09\x3f\x85\xd8\x11\x07\xae\xf9\x2f\x84\x89\x03\x98\x1d\xaf\x7c"
	"\xb8\xa4\xba\xbb\x5d\x90\x76\xec\x5c\x20\x39\x1c\xf6\x59\x7f\x1d"
	"\x02\xf9\xd1\xf2\xa9\xe1\xe5\xfe\xf2\x34\xf9\x3f\xe0\x1e\xe9\xf9"
	"\x72\xf7\xfe\xf0\xfb\xc3\xfb\x9f\x3a\x4f\x10\x04\x01\xa9\x17\x2c"
	"\xed\xac\xd0\xd0\x6b\x59\x85\x8d\x4e\x68\x2f\x97\x4a\x90\x64\x76"
	"\x90\x06\x8c\x41\x92\x12\xbd\x20\x2c\xeb\x10\xe2\x6a\x13\x25\x88"
	"\x43\x3d\x8c\x9b\x42\x0a\x88\xf5\x35\x4b\x02\xfc\xbe\x76\x06\x49"
	"\x64\x5c\x53\xa9\x93\xc0\x37\x19\xa1\x36\x5d\xd5\x81\xe3\x2d\xc5"
	"\x6d\x19\x89\x3a\xfc\x55\xc6\x99\xca\xde\x61\x0f\x89\xed\x7b\xdd"
	"\xd2\x9f\x3a\x64\xaa\x3a\x72\x3d\x0e\xb9\x5a\x2e\xd7\x63\xcb\x9c"
	"\x8d\xae\x7d\xe6\x8f\x41\x82\x18\xf8\x86\x56\xcb\xd5\x62\xf5\x21"
	"\xf8\x72\xf6\xb1\xd2\xd7\x1f\x83\x6f\x3e\xd6\x98\xc5\xc7\xe0\xde"
	"\x07\xe0\x6b\x6f\xb9\xfa\x18\xfc\x23\x9f\x3a\xdb\x2c\x3f\xd6\xef"
	"\x2b\xef\x43\xf0\xd9\x07\x3b\xf2\x63\xc3\x64\x55\x87\x31\x81\xfb"
	"\xaa\x31\x46\xd4\x87\x86\xd2\xa5\x55\x63\x82\x2f\x3e\x06\x5f\x7d"
	"\x10\xfe\xa1\xa1\x5c\x7f\xf0\x53\x37\xb3\xc1\xce\xfe\xfc\x49\xe9"
	"\xed\x4f\x7d\x0c\xbc\x2b\x8b\xb7\xe3\xde\x7b\x5e\x5d\x46\x96\x24"
	"\xce\x4a\xb6\xcc\x3c\x86\x28\x65\xce\x7c\xbb\x9c\x1a\x36\xda\xea"
	"\xc4\xf9\xe8\x9e\x62\x06\xa2\x34\xcf\x08\x67\xae\x0b\x6f\xf0\x1a"
	"\xaf\x80\xfd\x81\xeb\x3c\xd4\xc5\x6f\x97\x81\xe5\x55\x7c\x1f\xe4"
	"\xc7\x65\xd0\xb4\x48\x7f\x27\x4b\xf9\x85\x0d\x57\x24\x0c\x4c\xaf"
	"\x78\xbb\xdc\x76\x79\xe4\x14\xdb\xb3\x1f\x90\x0a\xbc\x23\xc2\x21"
	"\x41\xad\x5b\xec\x28\x05\x27\x9d\x46\x45\xd2\x88\xbe\x9b\x58\x4f"
	"\x02\xb1\xfb\x7b\xfc\x77\x67\x90\x39\x60\x31\x3d\xec\xbf\x0e\x4b"
	"\x47\x70\x21\x42\x8a\xd6\x01\x1f\xc7\xbc\x25\xa6\x11\x4e\x9c\x74"
	"\xfe\x8f\xd9\x6c\xb6\x92\x93\x7a\x40\x8a\x04\x01\x02\x6e\xc0\xf6"
	"\x21\x04\xb3\x76\x1c\x0a\x37\x8b\x62\xde\x5e\x8d\xec\xc1\x1f\x18"
	"\x28\x48\x0b\x1d\x5c\xde\x56\xc3\xa8\x25\x5a\x78\x8a\x40\xab\x5a"
	"\xa7\x50\xb6\x98\xeb\x56\x91\x82\xb7\x81\x3c\x52\x83\xb5\x0d\x15"
	"\xdc\x91\x22\x99\x5f\x21\x6b\x71\xcc\xdd\x8f\xd7\x1e\xef\x05\x7a"
	"\x19\x3b\x8b\x2e\x22\x70\x2b\xf0\x1a\x6a\x93\xd6\x04\xa0\x32\x6e"
	"\xa5\x9f\xa2\xb0\xa2\x3a\x55\x6b\xec\x1e\xe5\xb9\x9a\xdb\x2e\x7e"
	"\x08\xe9\x07\x80\xb5\x95\xa8\x05\xaf\x7e\x79\x01\x9e\x49\xc3\xe6"
	"\xb9\x97\x96\x5b\x3e\xc6\x4c\x8b\x9c\x0c\x65\xd2\xa4\x8d\x8b\xb4"
	"\xfb\x3a\x39\xbc\x5e\x2e\xd7\x0e\x94\x51\x98\x85\xf2\xb5\x88\x62"
	"\xd8\x8a\xc2\x3a\x2c\xa6\x93\xba\xfb\xca\x6f\x10\xdd\xf9\xc2\x13"
	"\xb5\x88\x07\x75\x9a\x34\x17\xb3\x24\x83\x6f\xf1\x1e\x49\xb3\x3d"
	"\xac\xd3\x0e\xd2\x8a\xf1\xba\x65\x7c\x15\x32\xca\x13\x61\xfb\xee"
	"\xd3\xb0\xbe\x4b\xb4\x2b\x55\x74\x75\x6f\x86\xf1\xfe\x61\xaf\x3f"
	"\xde\xd4\x29\xd6\xf6\x50\xfb\x41\x4a\x89\x90\x28\x46\xa1\x7e\x6c"
	"\x37\x5a\x8b\xd7\x00\xb1\xf8\x8b\x32\x07\x39\x90\x62\x5b\xd8\xa3"
	"\x46\xe4\x0b\x67\xb7\xe3\x9b\xee\x6c\x4b\x79\x05\x31\xaa\x8e\x83"
	"\xb3\x02\x94\x47\x50\xaa\xb9\x8c\x6d\x67\xbb\xb8\xb2\x9e\x6c\x13"
	"\x1a\xd4\xa1\xe0\xbd\x3e\xa9\xd2\x23\x58\x0c\xf2\x43\x08\x2e\x16"
	"\x1d\x1f\x8f\xba\x88\xe3\xb8\xf5\xa7\xd6\x15\x9b\xbd\x7f\xbb\xbc"
	"\x4e\xf2\xcb\xeb\xc3\x77\xfe\x8f\xdb\x47\x45\x94\x8a\xcf\x2c\x10"
	"\x6a\x55\x07\x30\xb1\xe8\xdc\x3d\xe9\x56\xa8\xd5\xf5\x54\x5c\x5a"
	"\x42\x15\x42\x40\xd8\xb3\xb5\x59\x5d\x60\x75\xf4\x6d\x37\xbe\x16"
	"\x59\xce\x2a\x19\x6b\xd5\x52\x92\xa4\x77\x4a\xba\x5a\xb6\x06\xf9"
	"\x66\x39\xf5\x3c\x8b\xa0\x95\x05\x79\x20\xfd\xd2\x68\x61\x2c\xc1"
	"\xae\xc6\x5b\x79\xde\x5e\xad\xb6\x4e\xb7\x3e\xa3\x0b\xba\xe3\xa1"
	"\xbb\xa5\xeb\x4f\xe6\x8d\x5e\x7c\x28\xf4\xbf\xf5\x48\x85\xd2\xd2"
	"\xe4\x24\x9c\xf9\xc4\x70\xc5\xbc\xe9\xd0\xc2\xea\xb8\x2d\x85\x09"
	"\x1d\x6c\x04\x2c\x2b\xd9\x67\xcf\x5f\xe8\x5d\x25\xbb\xe9\x84\xa4"
	"\x4f\x20\xc7\x35\x31\xc6\xa1\xd2\x0d\xe2\x35\x3a\x05\xfb\xea\x3a"
	"\xfa\x77\x75\x44\x71\x89\x3f\xfb\x8b\x85\xea\x5d\x29\x38\xd4\xef"
	"\xf6\xf5\x02\x8e\xf3\xf5\xc2\x72\xc5\x32\x80\x93\xd9\x72\x63\x06"
	"\x43\x63\xec\x9a\xaf\x35\x55\xea\xd7\x28\x6d\x6e\x92\xf3\x93\xa6"
	"\x31\xdc\xa6\xdb\xac\xd1\xf8\x5f\xac\xc8\xc0\x5e\x99\x2f\xd4\x24"
	"\xc7\x05\x62\xb6\xd0\xef\x52\xce\x02\x7c\x92\xb9\xa8\x82\xcd\xd7"
	"\x33\x0f\x59\x26\x9c\x68\x44\xc1\xce\xd0\x42\xcb\xe1\x78\xea\x9c"
	"\x14\x10\xef\x28\xab\x25\x75\x1d\x21\x76\x41\x80\x7d\x10\xde\x39"
	"\xa5\x38\xd3\xbd\x07\x89\x92\xc4\x59\x66\xde\x68\x5a\xba\xc3\xc4"
	"\x51\x6e\x48\x05\x41\xb1\xad\x92\x20\x08\x55\x3b\x74\xf9\xbb\xc2"
	"\xc0\xbc\x6a\x87\x46\x4d\x68\xe6\x02\x00\xa6\xfd\x16\x81\xe2\xaf"
	"\xa5\xa6\x42\xd8\xe3\x4b\x59\x90\xf0\xb2\xa0\x99\xcd\x9d\x59\x81"
	"\x13\x2c\x14\xaf\x3a\x86\xa9\x1d\x41\x57\x26\xcc\xb0\xeb\xf8\x95"
	"\xd8\x61\x07\x25\x0f\xdb\x24\x1b\x82\xa0\x5d\xd6\xdb\x72\xf9\x66"
	"\xfb\xeb\xcb\xeb\xd3\xed\xf3\xdd\xe5\x1f\x8d\x65\xd3\xed\xf3\xfd"
	"\x84\xf1\x0d\xf8\xe9\xf6\x51\xe7\x9d\xc0\xc7\x61\x56\x24\x10\x55"
	"\xd1\x6c\x64\xc3\xe9\x46\x4b\x11\x41\x10\x81\x58\x74\xc1\xbe\xe4"
	"\x14\x0b\x08\x7c\x16\xdb\xef\x18\x3c\x73\xb2\x2b\x60\x17\x81\xa8"
	"\x38\x59\x46\xad\x1b\x45\x86\x42\xa5\x9a\x8e\x85\x40\xc0\x8a\xb8"
	"\x0a\xa2\xdc\xd0\xb4\x6c\x2b\xfc\x0f\x74\x32\x15\x98\xde\x74\xe6"
	"\x7c\x94\xd3\x5d\x56\x1d\x67\xbd\xfb\xc4\xd6\x3e\x40\x51\x61\xbb"
	"\xa0\x30\x44\xf9\x1f\x65\x21\x44\x5e\xd2\x3e\xf6\xe1\xf9\x4f\xfa"
	"\x67\xe7\x09\x91\x5f\x4e\x6e\x84\xdd\x47\x60\xe1\x5b\x55\x40\x90"
	"\xcc\x87\x41\x9c\x33\xd9\xe1\xc2\xb6\xdc\x54\x24\xc8\xc0\xdd\xfc"
	"\x43\x03\xa6\x79\x32\x58\x20\x60\xf2\x98\x7d\xa4\xc8\xa3\xef\x2c"
	"\xed\x38\x73\x5c\xa2\x24\x33\x0f\x3e\x6a\x82\x51\x55\x35\xe6\x47"
	"\x9f\x1a\xaf\x29\xbf\xfc\xf8\xed\x1f\x93\xc7\x17\xfe\xc7\xfb\xeb"
	"\xed\xdd\x45\x1f\x16\xc4\xa2\xba\x23\x3b\xfb\x62\x92\x74\x2e\xdb"
	"\xf0\x30\x23\x18\xbe\x0e\x8b\x95\x27\xec\x84\x7a\x26\x24\x09\xb6"
	"\x73\xfc\xbb\x03\x81\x05\x96\x23\x3b\x64\xcf\x4f\x32\x69\x46\x27"
	"\x42\xa1\x38\xbb\x07\xd6\x9e\xb1\x67\x40\x5b\xb9\xc7\xee\x81\x53"
	"\x64\x93\x6f\x39\xf5\xdb\x39\x37\x19\x61\x71\x48\x75\x3a\x85\x13"
	"\x10\x0e\xfb\x89\x24\xe7\xcc\x67\x8f\x73\x03\x4a\xc9\x1c\x95\xec"
	"\x51\xba\x93\xdb\xb9\xde\xc6\x78\x6b\xd7\x02\x05\x62\xc5\x07\xc7"
	"\xb5\xed\x82\x8d\xe2\xae\xb0\x6a\x3d\x00\xb1\x3e\x85\xfa\x4f\xd2"
	"\x82\x38\x64\x27\xc9\x2b\x0f\x0c\xe7\x58\x17\xd2\x13\xcd\x27\x64"
	"\xe8\xf4\x3b\x92\x2d\x1f\xf0\xcc\x6e\x31\x0a\x65\x6c\x4f\xb1\x93"
	"\x9e\x58\x4d\xaf\xe0\xb2\x28\xb7\xd6\x9e\x0d\x13\x0c\x46\xdf\xa6"
	"\x45\x27\x54\xe1\xb6\x7f\x21\xbe\x52\xcd\xa1\xf7\x24\xf7\x07\x5f"
	"\x5d\xb1\x3d\xe6\x27\x4f\xdc\xd9\xd3\x64\x62\x95\xf3\x8b\x0e\x41"
	"\x7c\x45\x06\x49\x67\x8a\xe9\xb9\x6d\x86\x1d\x42\x2e\x07\xf3\x02"
	"\x9e\x39\xbb\xf6\x99\x88\x32\xe0\x65\x5b\x69\x4c\xf7\x33\x6a\x1f"
	"\x55\xe0\x89\xc9\x38\x71\x70\x48\xf8\x3a\x3c\x48\x1f\x5a\x15\x52"
	"\x85\x1c\x79\xc1\x4b\x05\xfd\xe7\x83\x29\x4d\x5a\x94\x83\x44\x31"
	"\xeb\x9e\xb4\x01\x3c\xa8\x71\x5e\x8e\xe6\xb6\xf4\xaa\xa0\x81\x6d"
	"\x3f\x56\x50\xa7\x7c\x84\x74\xe9\x0a\x0f\x73\x3c\xac\x81\xd4\x80"
	"\x93\x68\x6b\xd5\xa2\x69\x30\x51\x38\xa2\x91\xf5\x3f\x87\xda\xd9"
	"\x6c\xe6\x49\x50\xe6\xc9\x07\xd1\xee\x53\xa9\x60\x3d\xef\x5e\x92"
	"\xdf\x8c\x49\xca\xef\x78\xb0\x21\xd5\x2e\x22\xbb\xb6\x3e\x28\x11"
	"\xb2\x33\xca\xb2\xee\x8e\xa8\xd3\x84\x1f\xa5\xcf\xd3\x3f\xa6\xfc"
	"\x4e\x18\x46\xd3\xa9\x03\x29\xfd\x2b\xfe\xe1\x75\x40\x51\x28\xa7"
	"\x28\x18\x9b\xd5\x8e\xd8\x54\xf2\x76\xc7\xb2\xbc\xa7\xa9\x95\x9d"
	"\x06\xfb\x09\x30\xc2\x4d\x00\x98\x55\x8d\x01\xfb\xd8\x3f\x8c\x02"
	"\xa2\x04\x7d\xe5\x77\xfa\x31\xd0\xdd\x71\x48\x5b\x0c\x50\xe0\x7d"
	"\x32\x0f\x0f\x55\x5a\x26\x5b\x7e\x2a\x4f\xbb\xf4\x3c\x48\x82\xda"
	"\xbf\x5d\x3b\xeb\x3e\x3d\xbf\x3c\x5f\x3e\x75\x91\x70\xd9\x50\xd8"
	"\x81\x8e\xd4\x0d\x59\xe7\x3e\xac\xf0\x1c\x09\xb9\x89\x08\xf0\xda"
	"\xe1\x1e\xc1\xda\x7f\x9f\xe5\xb9\x36\x51\x48\x9a\x97\x60\x23\xb0"
	"\x5e\xfa\xe7\x33\x48\x09\x65\x8c\xaf\xd6\x47\x91\xce\x75\xec\xf8"
	"\x28\x68\x3e\x51\x9b\xc4\xe3\xcc\xa8\x2d\xc7\x67\x78\x60\xf3\x55"
	"\x24\x97\x01\xd8\xa0\xf0\x3b\x4f\x59\x88\x8d\x12\x53\x36\x80\x15"
	"\xb1\xac\x6f\x52\x1b\x4b\x05\xda\x6c\xb5\x0e\x4f\x0b\x6d\x35\xe4"
	"\xc0\xbd\xaf\x74\xb9\xa4\xf8\x4d\x69\xa3\x7c\x50\x02\xd7\x0a\x2d"
	"\x6e\x07\x22\x61\x05\x6e\xc8\x8c\x7e\x15\x79\x06\xc5\x1f\x1f\x64"
	"\x97\x8f\xda\x5a\x81\x5f\x1a\x1f\x22\x1d\x02\xf8\x8c\xad\x22\xaa"
	"\x35\xad\x6e\xd3\xe4\xfd\xcf\xef\x97\xc9\xdf\xee\x1f\xde\xfe\xcd"
	"\x39\xbf\xdb\xef\xfc\x6a\x14\x84\xff\x2c\xb2\xe4\xef\xd7\xd6\x36"
	"\x9e\xaa\xa8\xd6\xde\x60\x5f\xc8\x54\x73\x27\x36\xe4\x8c\x5a\x00"
	"\x6d\xa9\x85\x33\x3f\xdd\xb9\xc9\x16\xef\x23\xe2\xbb\xe1\x3c\x61"
	"\x28\xb5\xb8\x8e\x16\x10\xe0\x6a\xcd\x0f\x22\x82\x4c\x03\x70\x5c"
	"\xdd\x1b\x57\xd6\xb8\xf0\xd1\xbc\x69\xc9\x1c\x39\xe9\x8f\xa2\x0e"
	"\x89\x82\x21\x04\x11\x7f\x0e\x80\x28\xa2\x63\x20\x31\xd9\xf2\xbf"
	"\x1c\x98\x22\x77\x4e\x3b\xb8\xbe\xc7\xe0\x1e\x58\x0b\x1f\x24\x28"
	"\xcc\x12\x1f\x54\x52\xf9\xf5\x15\x6c\x49\x68\x64\x2d\xb9\x8c\xe8"
	"\x3e\x08\x3b\x93\x55\x26\x5e\xd9\x97\x3f\x3b\xed\xe5\xf4\x2a\x3c"
	"\x05\xbc\xf2\x16\xe3\x28\xbf\xe5\x49\x8c\xe5\x6c\xe9\xce\x95\xf7"
	"\xca\xde\xf7\xb3\xee\xf3\xad\x2b\x2b\x3b\x19\x73\xb1\x53\x45\x76"
	"\x29\x1c\x6d\x3b\xce\xf1\xf0\xa9\xc9\x8f\xd3\xad\xc5\x17\xbd\x1c"
	"\x9d\xc3\x40\x45\xd2\xad\x5e\x47\x4a\x0c\x9f\x26\x74\x54\x48\xd6"
	"\x15\xcd\xcb\xbd\xa3\x6b\x60\xa3\x93\xe5\x9b\x83\x6b\xd1\xc8\x19"
	"\x21\x4e\x19\x82\xec\xc0\xd0\xb1\x38\x33\x0a\xa7\x38\x61\x04\x99"
	"\xef\x58\xe2\x79\x21\x07\x2f\x7b\xa6\xa9\x80\x98\xf1\x64\x0a\x4d"
	"\x6e\x10\x13\x8b\x43\x41\x9b\xa7\xd7\xd6\x15\x61\x22\x5e\xfc\x98"
	"\xfa\x80\x73\xa5\xe9\x5e\x4a\x95\xcd\xd7\xec\x03\x2e\xb1\x5a\x35"
	"\x89\x6a\x22\x92\x75\x0a\x94\xbc\xb6\x1c\xc6\x04\xa5\x08\xa4\x18"
	"\xf0\xc3\xe6\x28\x88\x67\x29\x53\x11\xba\xd9\x68\xe0\xce\xc9\x62"
	"\xaa\xf4\x6e\x26\x27\xce\x98\x9a\xfd\xaa\xb6\x1e\xa9\x0e\xf8\x46"
	"\x75\xd7\x5a\xd1\x14\xe5\x74\x9f\xb1\x4e\x8b\xd9\x9e\xa4\x70\xd6"
	"\x1c\x09\x30\x13\x8e\x76\xf6\x3a\x5e\x25\x0a\x6d\x2a\x27\x82\x33"
	"\xc8\x36\x12\x04\xa4\xb0\x5c\x0b\x39\x15\x8e\x58\x1b\xed\x2b\x2e"
	"\x32\x6b\xa9\x22\xc2\x2d\xb2\xf8\x79\x14\x1d\xd5\xf1\xdb\xa9\x8c"
	"\x89\x70\x7e\xdc\xe9\x29\x7e\xf5\x32\x07\x64\x08\x85\x68\x46\xbe"
	"\x50\xa9\x19\x64\x22\xbc\x29\xb9\x32\xf1\x0d\x2b\xe8\x64\x74\x38"
	"\xe8\x0a\x25\xa7\x2d\xfa\x9b\xda\x10\xc0\x67\xef\xba\x11\xe2\x94"
	"\x89\x9b\x9d\xb4\x99\x01\xfe\x95\xb5\x07\x9b\x3a\x52\xa4\x59\xf8"
	"\x92\x62\xd6\x57\x0d\x24\xa4\x13\x45\x26\xd3\x77\xe0\x6d\x96\x86"
	"\xe6\x13\x5b\xd8\xd4\xa9\x50\xf0\xac\x0f\xfb\xac\x79\xd0\xf1\x17"
	"\xce\xea\xf3\x0b\x86\x31\xca\x67\xd4\x8b\x71\xc5\xb0\x4d\x96\x82"
	"\x02\x6b\x34\x10\x92\x5b\x49\xc7\xb3\x8d\x02\x0e\x7d\x2d\x7e\x9f"
	"\x77\x2c\xb7\xb5\x81\x62\x6b\xfc\x9f\xfa\x5e\x6d\x7a\x7c\x2b\x35"
	"\x75\x70\xfe\xb3\x3a\x8a\x4e\x2f\x38\xdf\x56\x19\xb3\x1c\x31\xd3"
	"\xde\xe4\xea\x07\x6a\x5b\x70\xb2\x34\xee\xb8\xdb\x92\x1c\x13\x38"
	"\xb6\xbf\x3a\x42\xbc\xd7\xbd\xf0\x85\x0f\x6f\xef\xaf\x0f\xbf\xfc"
	"\x00\x9f\x83\xf4\x3f\x0f\xef\x77\xdf\x26\xe8\xf5\xee\xdb\xc3\xfb"
	"\xe5\xee\xfd\xc7\xeb\x45\x81\x5f\x07\x13\xc4\x1e\x9d\x36\xb4\x87"
	"\x02\xc9\x6a\x15\x54\x65\x9a\x41\xe2\x56\xf7\x66\x29\xd3\x02\xd8"
	"\x47\x09\xef\x50\x73\x47\x0b\x0c\x61\x5b\x64\xf3\xd7\x56\x17\x2c"
	"\x5e\x44\xed\x06\xaf\x2a\x0a\xdc\x61\x17\xd8\x51\xdc\x9e\x00\xd7"
	"\x88\x9d\x6d\x4a\x68\x10\xc0\xe2\x49\xec\x90\x2c\x60\xd8\xa8\x6c"
	"\x9d\xef\x6f\x38\x97\xa8\xf0\x61\x27\x9e\xd2\x79\xbc\xab\xf8\xc9"
	"\x22\x24\xe9\x1d\x4f\x79\xf2\xee\x46\xc8\x04\xd2\xeb\xfb\x8e\x61"
	"\x7c\x50\x12\x5a\x7d\xec\x21\xbe\x10\x53\xce\x07\xd8\x01\xe7\xf5"
	"\x7a\xb5\x59\xda\xbd\xf4\x21\xb6\x9e\xce\xce\x56\x32\x1f\xd3\xd5"
	"\xf9\xec\xa4\xaf\x57\x2e\x7a\x91\xa1\x30\xc8\x12\x2b\x20\x20\x01"
	"\x0a\xed\xed\x0f\x84\x7f\x3f\x3b\x3d\x44\x7c\x72\x3a\x8a\x0f\xf3"
	"\xf5\x6c\xed\xfb\x4e\x3a\x0b\xd6\x9e\xe7\x2e\x61\xbe\x76\xd3\x97"
	"\xab\x2e\xbd\x0d\x63\x72\xc6\x62\xf8\xb4\x2b\x40\x90\xc7\x25\xb5"
	"\x96\x08\x07\x47\x5c\x9d\x4f\xe8\xc6\x0a\x89\xf9\xac\xc6\xcc\x9b"
	"\x7a\x5e\x60\xc7\x40\x7c\x13\x9b\x6f\x46\x54\x70\x26\x34\x1e\xa4"
	"\x7b\xd3\xdd\x20\x66\xbd\xfe\x62\xc7\x90\xa0\xc0\xb1\x93\x9c\x09"
	"\x7d\xaf\x61\x04\xf3\xdc\x20\x0a\x82\x69\x1b\x22\x15\xc6\x12\xc8"
	"\xde\x12\x88\x80\xc1\x7e\x46\x9e\x37\x9d\x5a\x31\x5f\x9c\x55\x40"
	"\x90\x78\x10\xe0\xda\xe9\x29\x86\x4b\xa5\x95\xce\x19\x54\x67\x57"
	"\x50\xbe\x4f\xd9\x89\x0c\x7b\xd3\x73\x6e\x89\x78\xc0\xaf\x4b\x98"
	"\x91\xc0\x5e\xf9\x11\x18\x19\x70\x41\x69\xa1\x9f\x49\x4c\x52\xbe"
	"\x29\xf3\xdd\xca\x2f\xe0\x4f\x8b\xf4\x67\xb5\xe0\x7b\xc9\x8e\x9e"
	"\x5c\x93\xe1\x40\xd7\x9b\xcd\xc2\xe8\x16\x34\xcf\x15\x81\x24\xff"
	"\xc1\x6f\x99\xb0\x79\x74\x12\x39\x6f\xcd\xaf\x35\x58\x4f\xec\xc6"
	"\x06\x86\xb4\x24\xcf\x3b\x28\xc1\x8e\xd6\x01\x43\xae\xc9\x99\x86"
	"\x62\x7a\x75\x59\x1d\xce\x55\x29\xa5\x91\x6a\x28\x49\x22\x9e\x04"
	"\xd3\x99\x4f\x1a\x13\x53\x98\x3e\x1a\xef\x03\x5d\x11\x46\x86\x64"
	"\x02\x0d\x19\xdd\xc5\xb4\xf0\x00\xcb\x02\xab\xfb\xeb\x03\x3a\xd9"
	"\x3c\xa8\x0b\xfd\x1a\xbc\x43\xd4\x12\x7e\x00\xe8\x05\x8b\xd7\x9e"
	"\xc5\xb9\xf7\x95\x6e\xf7\xbe\xcd\x99\xb0\xd5\xda\x18\x4f\x06\xa8"
	"\xfc\x3f\xcd\xa3\x7f\xf3\xa1\x70\x22\x79\xab\xb3\x8d\xb0\xa9\xbc"
	"\xd5\x1a\xf5\xa9\x41\x18\x08\x46\xa5\xdb\x41\x35\xad\xc2\x38\xb1"
	"\x34\xa4\x41\xa4\x41\x62\xca\xbc\x2f\x79\x2f\x92\x06\x61\xfd\xd8"
	"\xa6\x94\x64\x4b\xdc\xa0\x30\x01\x95\x2d\x27\x84\x16\x9b\xd5\x74"
	"\x3a\x04\x59\x0f\x41\xf8\x7e\xb0\x5a\x9c\xcf\x83\xa0\xcd\x10\x68"
	"\x17\x2f\xfd\x29\x72\x74\x5f\x0a\x67\xcd\x7a\x6a\xea\x3e\x38\xc9"
	"\xb6\xce\xd2\x93\x80\xae\xd6\x33\xf7\xb7\x14\xfc\x62\x42\xab\xbd"
	"\x59\x69\x43\xed\x7e\xd0\x47\x05\x7d\x9c\x46\xd1\xd7\x0a\xe9\xb6"
	"\x55\x98\xa4\x2d\x6c\xe6\x36\x02\x91\xfa\x2b\x7f\x6a\xa9\x7f\x8b"
	"\xe3\x83\x2a\xcc\x10\x19\x8a\x44\xbc\xec\x74\xab\xc2\x39\xcd\x52"
	"\x7f\xbd\x5e\xdb\x17\x6e\xe0\x7b\x9b\xa9\xe3\x53\xbf\xa2\xb2\x28"
	"\xa9\x71\xae\x9f\xd7\xfe\xcc\x9b\x56\xae\x85\x0f\xb8\x03\x8a\x13"
	"\x8b\x7c\xa9\x81\x7c\xe1\xa7\xd9\xe9\x64\xb9\x49\x35\x20\xce\x8c"
	"\x2c\xbc\xb3\x7d\x3e\x93\x7c\xef\x6a\x0a\x25\xb8\x28\x90\xf5\x8a"
	"\x03\x90\x63\xbc\x1c\x98\xe9\xc1\x7e\xe3\x4f\x4d\xdd\x05\xea\xe5"
	"\xdd\x5b\xab\x88\x07\x77\x0a\xa9\x05\xce\x2f\x61\x69\x08\xe6\xf4"
	"\x61\x22\x45\x9b\x26\x9a\x7e\x4d\x03\x2f\x7e\x76\xb1\x1f\xa7\x2e"
	"\x0f\xf1\x50\x6d\x2c\x51\x23\x11\xaa\xa4\x86\x43\xd6\x43\x7b\x07"
	"\x49\xd4\xb9\xb3\x18\xb2\x06\x84\x06\x99\xb9\x54\xc1\x43\xda\x49"
	"\x05\x25\x9a\x50\x1a\x56\x1e\xca\x07\xaa\xab\x19\x3e\xed\x76\x43"
	"\xb6\xb8\x60\x16\x19\x79\x02\x66\x1a\xf8\x3c\x54\xea\x55\xca\x6c"
	"\xa0\x16\x48\x3f\xad\x35\x9a\xe4\xb8\x2c\x44\xf5\xd5\x47\x25\x50"
	"\x66\x4e\x67\x16\xfc\xd7\x9b\x10\xf5\x56\xe2\xd7\xd0\xf3\xa7\xde"
	"\xc0\x97\x89\xbb\x19\x4e\x53\x64\x5a\xc7\x72\xc7\x3b\x59\x45\x1c"
	"\xa4\x60\xc2\xcc\xa5\x1f\x21\xe2\xf9\xf6\x97\xc7\xcb\xe4\xf4\x00"
	"\x91\x8e\xfe\x56\xc7\x81\x7c\x78\xfe\x6d\xf2\x22\x03\x92\xfd\x7d"
	"\xf2\xfe\xc2\xd1\x97\xc9\xfb\xb7\x06\x65\xb8\x54\x9e\x1c\x31\x58"
	"\x4d\x01\xd4\x94\x07\x8a\x30\x35\x44\x3c\xf8\xfe\xe3\xdd\xfa\x64"
	"\x27\x9e\x2e\xbb\x2f\x99\xba\xba\xae\x4c\x8b\x22\x50\xc5\x8a\x3b"
	"\x31\xa1\x25\x0d\x02\x6b\xda\x62\x82\x4a\x04\x15\x21\x34\x0f\x09"
	"\xca\x1d\xa0\x04\xf1\xcb\xf8\xb9\x0b\x12\x1f\x51\xbe\x5d\x5e\x1f"
	"\x41\xab\xf1\xe1\xf9\xfd\xf2\xfa\xeb\x6d\x27\xe0\x4b\x9d\x3f\x2b"
	"\x29\x76\xb7\xe3\xe7\xec\xa6\x03\xd0\xc8\xf8\xd8\x09\x39\xd4\x24"
	"\x77\x36\x18\xa5\x63\x6d\x11\xea\x64\xce\x03\xbe\xd9\x66\xa8\xd0"
	"\xe4\xf7\x4d\x5a\xd5\xd1\x3f\x35\x01\xf2\xc5\xc2\x72\x54\x75\x40"
	"\x9b\x01\x10\x3b\x58\xe2\x0f\xb5\x90\x2f\x9c\x8d\xb0\xb8\x5c\x53"
	"\x30\xbe\xb7\x1c\xc0\x84\x75\xe0\xda\x62\x69\xb1\xce\x6b\x91\xf1"
	"\x61\xb0\x51\x56\x49\x93\x86\x10\x13\x10\x0f\x14\xc5\x02\xb4\x9c"
	"\x7b\xcb\x41\xd0\x7a\xee\x0d\xf4\xb8\x9c\xa7\x03\xdf\x96\xac\x67"
	"\xfe\x6c\x18\x33\x9b\x0d\xd5\x75\x5e\xd9\x7c\x2b\x5f\x41\x01\x1d"
	"\x00\xe4\x85\xe7\x7b\x6e\x4c\x8a\x4f\xcc\x12\x41\xa0\xc5\x40\x4c"
	"\x63\x10\x5c\x0f\x54\x47\x51\x42\x4b\x8b\x20\xf1\x0a\x62\xd9\x09"
	"\x9d\x2c\x71\xc1\xae\xa8\x32\x1d\x9c\x24\x19\xdf\x31\xe6\x03\xe3"
	"\x9a\xf8\x52\xfb\xb8\xf3\x3e\xd1\x47\x9e\x87\x57\x4a\x80\x72\xcf"
	"\x3b\x0f\x4c\x80\xad\xe5\xbe\x72\x1d\x93\xda\xd1\xb1\x61\x33\x52"
	"\x31\x4a\x94\xb5\x14\x83\xd7\xe1\x02\x8b\x17\xe8\x34\x13\xea\x70"
	"\x75\xe0\xdb\xab\x3c\xe1\x94\x99\x41\xa6\xe0\x71\x5a\x81\x19\xdc"
	"\xe0\x06\xca\xbb\x62\x4c\xad\xce\xc3\x3a\x06\x43\x5e\x50\x56\xb1"
	"\xf0\xaa\xbe\x23\x48\xa7\x02\x4a\x82\xc0\xa0\x80\xea\xe9\xcc\x16"
	"\x22\x80\x80\x6d\x7c\xe2\x2c\x15\x21\x37\xc1\x68\x84\x57\x5f\x59"
	"\x02\x28\x2b\x07\x81\x75\x93\xe7\x67\x00\x65\x44\x0f\x90\xd9\xa4"
	"\xf1\x8b\x06\xea\x28\x32\x1a\x30\xb3\x70\x00\x10\x12\x37\x20\xc8"
	"\xb6\x96\xc7\xbe\x16\xb2\x8b\xfc\xc3\x00\xa2\x20\xf9\x30\xa2\x4a"
	"\x86\x40\x25\xe1\x9b\x67\x62\x09\x95\xd6\xc2\x04\x67\x8a\x82\x01"
	"\x14\x25\x21\x3e\x91\x34\xb4\x30\x28\x2d\x8e\x25\x96\xb3\xef\x5a"
	"\x9f\x70\xfd\xef\xc6\x9c\x50\x51\x90\x6c\xa0\xaa\x04\xed\x38\x63"
	"\x6c\x61\xa9\xae\x0d\xcf\x51\x80\x33\x4b\xc4\x48\x1d\xb5\x45\x96"
	"\x88\xc7\x57\x18\x18\x23\x0f\x76\xc1\x89\x84\xfc\x87\x1b\xf4\x75"
	"\x8f\xd3\x7d\x39\x30\x55\x10\x5d\x4c\x3d\xcf\x8d\x01\xc6\xa7\x4c"
	"\x4c\xb7\x88\x16\x72\xce\x51\x68\x5c\x13\x40\xe0\xfc\x9f\xbb\x02"
	"\x01\x02\xc6\xd1\x0d\xcb\xa9\x00\xda\x02\x7c\x5d\x71\xe7\x22\x70"
	"\xac\x70\x61\x95\xc6\xac\x4b\x5c\x6c\xf5\x34\x28\x30\xd6\xdf\x01"
	"\xaf\xc9\xb0\xe7\x98\x1e\x0e\x15\x44\xdf\x7f\xbb\x30\x37\x8d\x75"
	"\x51\x55\xa7\xcc\x8a\x66\x71\x66\x8b\xc4\xd3\xc5\x46\x59\x00\xb7"
	"\x24\x88\x6f\x4a\x07\x33\x44\x23\x30\x42\x93\x90\x79\xde\xc2\x74"
	"\xfd\x91\x84\x3a\xce\x9e\xa6\x13\xd9\x2b\x82\xc6\xe7\xa5\x25\x66"
	"\x5f\x17\x9b\xb2\xd9\xf2\x8f\x3f\xfe\x18\xd9\xb4\xcd\xf9\xcc\xd9"
	"\x9e\x11\xdf\xba\x38\xfb\xcb\x91\xb0\xea\x54\x9e\x77\x68\x64\x03"
	"\x16\x4b\x0b\x3f\xad\x42\xf7\x10\xef\xdc\x6a\xd1\xd7\x47\xc2\xd3"
	"\x00\x48\xbe\xd6\xab\xf5\x26\xf7\xaa\xb5\xb7\x5e\xe4\xb3\xb1\x3d"
	"\x62\x59\xb9\xf6\xb9\x12\xed\xc3\xd1\x65\x5b\xec\x25\xad\x9f\x30"
	"\x88\xde\x65\x59\x48\xce\xd5\xb6\xe8\x87\xd6\x83\x99\xb0\x5c\xf1"
	"\x4e\x33\x04\x48\x94\x96\x5f\xd1\x89\x9f\x46\x55\xc7\xba\xd8\xb4"
	"\xf2\x0a\xce\x68\x16\x75\xb0\x66\x63\x33\x50\x48\x57\xeb\xf9\xf0"
	"\x0c\x41\xe1\xca\xe6\x53\xa4\x07\xdb\x8c\x80\x0d\xcf\x08\x54\x78"
	"\x53\xdf\x1b\x35\x79\x84\xe0\xa9\x4a\xce\xc3\xbd\x8e\x4a\x7e\xc7"
	"\x21\xe7\x80\x14\x83\xd0\x6d\xe9\x7b\x53\x6f\x36\x0e\xe7\x0f\x7f"
	"\x33\x4c\x0c\x30\x02\x25\x41\xba\x9e\x79\xc3\x6b\x27\xb8\x59\x07"
	"\x2c\xd9\x79\xde\x74\x04\x94\x31\xb0\x0d\xc8\x2c\xf6\xb0\x7d\xec"
	"\x7c\x1c\x18\xc2\x6c\xe5\x16\xbd\x27\x6d\xea\xa3\x24\xa7\x7b\x32"
	"\xa2\x44\x8c\x19\x19\x06\xed\x50\x8c\xce\x23\x61\x06\x53\x57\x33"
	"\xfa\x1c\xcc\xa6\xd3\xe1\xce\x8c\xca\x9f\x09\xa3\xe5\xc8\x05\x3c"
	"\x62\x57\x08\x31\xce\x07\x61\x24\x26\x7c\x1a\x0d\x17\x47\x97\xf4"
	"\xc6\xe6\x34\x4a\x6b\x5d\x99\x7e\x1d\x31\x1a\x07\x16\xf9\x9e\x3f"
	"\xbc\xae\xb1\x8d\xef\xd3\x41\xc3\x33\xe5\x84\x40\x91\xe1\xb4\x9e"
	"\x4e\xbd\x91\xd8\x31\x1b\x00\xdf\x78\x3d\x6f\x3d\xa2\x48\x7e\xc1"
	"\x5f\x8c\x99\x04\x49\x42\x3d\x6f\x3e\x0c\xc3\x71\x84\xf8\x45\x8a"
	"\xe4\x23\xb0\xe2\xc7\xf0\x44\x48\xce\xcb\x32\xe6\x7c\xcc\xf0\x57"
	"\x93\x14\x9f\xc9\x70\x97\x27\x87\x95\xe7\x0f\xa2\x72\x9c\x26\x60"
	"\xaa\x30\x3c\xca\x21\x13\xfc\xc2\x74\xf8\xd0\x10\xff\x2e\xac\xa1"
	"\x21\x7a\x50\x7e\xe1\x19\x6e\xe7\xb8\xdd\xfb\x14\x32\xa1\xb2\x33"
	"\x66\xf6\x88\x27\xe8\x2c\xc9\x33\x4a\x18\x1e\xd7\x52\xc2\xfc\x11"
	"\x47\x03\x03\xbb\x33\xbe\x3b\x65\x63\x90\xfe\x74\x3a\x1f\x89\x5b"
	"\x8c\xc4\x0d\xaf\xeb\x22\x19\xc3\x31\x53\x12\x63\x14\x8e\x80\xd1"
	"\x51\xfd\x4d\x99\xe7\xcf\xfc\x11\xb0\x64\x0c\xab\x4e\x4b\x61\x8a"
	"\x68\x8f\x75\xac\x81\xcf\xeb\xe5\x62\x3e\x9a\x1f\x5f\xac\x7c\x43"
	"\x40\xd0\x96\x49\x03\x76\xdd\xc6\xa3\xd5\x25\x8d\xe5\xea\x59\x4e"
	"\x97\x8b\xe9\x6a\xf8\x00\xf8\x8a\xd9\xd2\xf7\x87\xe7\xde\x57\xfb"
	"\xb5\x5f\x9b\x00\xd9\x3e\xa9\x59\x98\x59\xdf\xa9\x8f\xbc\x01\x0d"
	"\x7c\xa2\xce\x54\x8f\xe4\xa9\x29\x70\x16\x42\x5b\x87\xcf\x18\x3e"
	"\x0d\xc9\x7c\x80\x95\x15\x46\x57\xf0\xfb\xf3\xa7\xdf\x5e\x5e\xee"
	"\x1f\xfe\xa8\x7e\x7b\xff\x63\xfd\xe9\xbf\xec\xac\xf5\x8e\x9d\xd7"
	"\x8a\xcb\x18\x33\xa0\x0e\x35\x64\x63\x8f\x55\xe4\x0e\xd3\xae\xc7"
	"\x91\x81\x1c\x2c\xcb\x62\x6a\x6e\xc2\x99\xa0\x2c\x21\x32\xe9\x6a"
	"\x46\x22\xba\x38\x7a\x78\xfe\xed\xf2\xfa\xfd\xf5\xe1\xf9\xbd\xff"
	"\xcc\x24\x3a\x5b\x08\x45\x84\x71\xac\xd9\xa8\x54\x03\xe0\x58\x44"
	"\x17\xde\x45\x9c\xe9\x4c\xda\xfe\x8a\xf2\x40\x85\x5d\xf3\xd7\xed"
	"\x37\xd2\x6a\xa1\x20\xa1\x41\xff\x69\x87\x73\xfe\xde\xfc\xec\x90"
	"\x34\x48\x26\x3d\xe0\xa3\x6e\x3d\x07\x25\x70\x9b\x20\x9b\xc2\x4e"
	"\xfd\x8a\x34\x3b\x4f\xf9\x9c\x65\x36\x29\x7b\xdd\xcc\x04\xad\xe7"
	"\xce\x72\x76\xb9\x8f\x9c\x64\xd0\xc1\xe5\xcc\x9b\xed\x91\xf0\x8a"
	"\x0a\x31\xc4\x44\x2b\x9c\x5f\x4f\xaa\x02\x84\x83\xd8\x77\xa0\x0e"
	"\xf8\x86\xe6\x28\xad\x91\x2e\xe0\x99\xfd\xbc\x71\xd0\x85\x47\xa2"
	"\x04\x39\xcb\xb8\xc1\xe2\xd9\xd9\x81\x08\x12\x6f\xea\xaa\x05\xb4"
	"\xe7\x63\x30\xcf\xa9\x4d\x35\xad\x62\xa4\xb2\x79\x1d\xed\x36\x33"
	"\x88\xd6\x8b\xd5\xdc\xf5\x21\xa7\x64\x78\x0c\x00\x24\x4c\xfe\x87"
	"\xc6\x09\x04\x50\x05\x84\x25\x1b\x1c\xae\xf0\x1c\xcf\x9c\xd3\x99"
	"\x24\x94\x37\xbf\x74\xf6\x1e\xb2\x5e\x38\x24\x22\x2c\x8e\xfe\x72"
	"\xda\x18\xba\xd2\x21\xe4\x72\x31\x1a\xb9\x72\x22\x61\xbb\xed\x5d"
	"\x00\xc5\xde\xb3\xbf\x7d\xbd\xff\xcf\xed\xeb\x65\x42\x7e\xca\x26"
	"\x7d\x03\x46\x2b\x2f\x03\x5e\xad\x8d\x7e\xcc\x82\x6f\xb7\xaf\xb7"
	"\x77\xef\x97\xd7\xfa\xe1\x5c\x79\xd8\xed\x28\x12\x1e\x8d\x5a\x51"
	"\x29\x39\x6f\xd6\x55\xce\x6e\x54\xb7\x57\xd2\x91\x81\x2d\x51\xba"
	"\xcd\xff\xec\x2d\xf5\x86\xa3\x18\x82\x8d\x83\xbd\x67\x68\xb3\xf8"
	"\xe0\xbb\x37\xb5\xc8\xd4\x0a\xe1\x7b\xb2\xb3\x5c\x9a\xaa\x43\xbe"
	"\x23\x8a\x78\x05\xe0\x75\x47\x33\xb0\xc1\xc7\x44\x57\xd9\xab\xdd"
	"\x31\xbe\x3e\xdc\x3e\x2a\x1a\x0b\x7a\x33\x45\xd0\xf7\x40\x75\x1c"
	"\x54\x13\xd6\xfe\x62\x6a\x4c\xe4\x15\xe5\x05\x96\xfe\x29\xc1\x4b"
	"\x52\xa6\x47\x95\x52\x91\x11\xbc\x3f\x98\xbe\x42\x05\xf5\x1c\x2d"
	"\x68\x75\x69\x86\xc5\x0a\x21\x2d\x84\x9b\x06\xfa\xd9\x37\x51\x0b"
	"\x3e\x28\x24\xc1\x2d\xc4\xd8\x3a\x88\x11\x9b\x86\x96\x17\x68\x15"
	"\x88\x68\x8e\xf9\xc7\x1e\xa1\xb4\x81\x8f\x89\x68\x6c\xeb\x8c\xf0"
	"\x34\x58\x51\xc1\xfc\xf5\xfa\x3c\x50\x45\xc2\x38\xab\xb8\x32\xd4"
	"\x92\x45\x46\x23\x54\xc9\x41\xbe\x3c\xff\x13\x72\xf3\x14\x31\x1d"
	"\x84\xa5\x8b\x81\xd7\xaa\x8b\x42\xc9\x16\x4c\x1d\x6d\x21\x33\xba"
	"\x28\xcf\x85\x6a\x66\x18\x68\xf7\x55\xa0\xf0\xdd\x55\x4a\xec\x66"
	"\xe0\x17\xec\x99\x37\x9d\x0e\x43\xce\x2e\x08\x0c\x56\xdc\xb9\x63"
	"\xe9\x88\x40\xf3\x0d\xa1\x24\x2a\x53\xb2\x57\x31\x95\x81\x68\x20"
	"\xc6\x6d\x04\x4f\xe6\x79\x6c\xb3\x2d\xec\xe6\x10\xfd\x50\x19\xcc"
	"\x9f\xba\x39\x68\x10\xa4\x16\xc5\xf3\x16\xe1\x2d\x09\x5d\x9d\x9d"
	"\x1d\x00\x3c\x72\x81\xaa\x9f\x19\xda\x75\x27\xae\x05\x3a\x04\x23"
	"\xd1\x79\x79\x5e\x3a\x07\xa6\x56\x6b\xcf\xe9\x60\x61\xc8\xf2\x54"
	"\x54\x93\xf9\x42\xaa\xe2\x7c\xa8\x10\xfe\x0b\x9f\x21\x20\x49\x48"
	"\x76\x44\x04\xe8\x74\xa1\xc1\x56\x76\x6b\x51\xdf\xe6\x07\x44\xed"
	"\x02\xc6\x48\xde\x1f\x83\x2a\x0c\x02\xab\x66\x19\xc9\x9c\x23\x4b"
	"\xf2\x04\xa6\x4c\x1a\xc6\x46\x0b\xbf\x3d\xf8\xa4\x4b\x43\x5d\x65"
	"\xb1\x4d\x94\xfe\x1f\x48\x96\x58\x3c\x0d\x5f\x81\x7d\x5b\xe9\x1e"
	"\x44\x53\x4e\x50\x93\x97\x7c\x3a\x35\xb7\x82\xda\x94\xfa\xce\x70"
	"\x9e\x2a\x2e\x22\x4e\x86\xb0\xbc\x8a\x77\x4b\xfe\x5f\x9e\xd8\x6c"
	"\x1f\xe2\x9b\xce\x40\x34\xa5\xe6\x89\x66\xec\x08\xbf\x45\x9c\xef"
	"\xca\xa6\x22\x26\x10\x94\x98\x74\xd5\x9b\xee\x03\xdf\xad\xc2\x03"
	"\x00\x1c\x99\xb8\x75\xb3\x4b\xb4\x57\x8f\x66\xa4\x7c\xc5\x94\x00"
	"\xae\x8b\x42\xa7\x43\x77\xc3\x09\xc9\xd2\x1b\x58\x27\x6d\xcf\xa1"
	"\x42\x15\x4d\x49\x94\xce\x4a\xaf\xc1\xb0\xbf\x3f\x5e\xfe\xe0\x3d"
	"\x0a\x95\x07\xdf\x1e\xbe\x9b\x36\x61\xc8\x86\x8a\xad\x64\x23\x79"
	"\xa1\x71\x8c\xf9\x05\xc9\x3c\xb1\x64\x0d\x76\x95\xab\x2b\xc0\xe6"
	"\x88\xb5\x41\xc4\x2c\x98\xcf\x2c\x82\xb6\x06\x93\x07\x68\xb3\x98"
	"\x7b\x23\x30\x7f\xb8\x31\x24\x05\xb7\x80\x4e\x8c\xcd\x0a\x11\xe8"
	"\x21\x1e\x5b\x4a\x12\x9f\x83\x3c\x36\x19\xa1\x03\x62\x8f\xe3\x1c"
	"\xdc\xb0\x94\xac\x33\xbc\x28\xde\x65\x5b\xc2\xd4\xa9\xd2\xb2\xab"
	"\xdb\x1f\x6f\xca\xa8\x5d\xa7\xd2\x9f\x6f\xef\x97\xa7\xc9\x2f\x9c"
	"\x5a\x33\x5b\x93\xbf\x3d\xbd\xbc\xbd\x3f\xfe\x39\xb9\x3c\xfd\x72"
	"\xb9\xbf\xbf\xdc\x4f\x7e\xaa\x51\xff\xe4\xc7\xf1\x1d\x1f\xfd\xbf"
	"\x77\x87\x3d\xe0\x13\x34\x0d\xec\x63\x1d\x80\x9d\xa6\x73\xb0\x43"
	"\x0c\xb1\x97\x4e\x88\x1f\x63\x26\x6e\x40\xc3\xe2\x04\x5b\xfc\xe4"
	"\x02\xd5\x3d\xa7\x38\x17\x62\xb4\x54\x91\x44\x4d\x4f\x07\x92\xd2"
	"\x2c\x41\x21\x39\x58\xcb\xcb\xec\x1a\x6a\x40\xe6\x93\x6a\xf8\x73"
	"\x8a\xc3\xcc\x3e\xc5\xf9\x16\xc1\x2c\x56\xc9\x40\x96\x07\x57\x5f"
	"\x37\xf8\x0f\xbe\xfd\x3d\x73\x86\x89\x63\x7e\xa2\x09\x0c\xfd\xed"
	"\xfd\xed\x77\xb1\x27\xf6\x75\x80\x45\xff\x93\x0c\x34\x96\x4b\xdf"
	"\x5e\x57\x8e\x0a\xe9\xee\xd6\x2a\xad\x16\x5f\x93\x6d\x33\x16\x95"
	"\x5f\xbf\x56\x19\x25\x91\x15\xc6\x50\x46\x2b\xce\xfa\xdb\x01\x24"
	"\x05\x05\xae\xad\xc5\xed\xf3\xf5\xc3\x94\x99\xdb\xfd\x28\xca\x2c"
	"\xd1\x7a\x04\x31\x46\x47\xec\x98\x8f\xe0\x3a\xc2\xfa\x02\x78\x85"
	"\xc0\x92\x1b\x80\xd8\x0e\x6f\x32\x33\x89\x03\xa8\xee\x22\x17\x9c"
	"\xe1\xd8\xdc\x5e\x00\x2d\x41\xb4\x13\xff\x4c\xa4\x9a\xae\x54\x39"
	"\x99\x24\xb7\x6f\x30\x09\x82\x97\xe7\xf7\xd7\x97\xc7\x47\xfe\xcf"
	"\xb0\xdf\x75\xc2\xff\x8e\xe0\xad\xcc\x6c\x09\x90\xcf\xd2\x4d\x8f"
	"\x8c\x5e\x6e\x85\xb9\xac\xbc\x81\xee\xda\x37\xe4\x87\x37\xbb\x82"
	"\x15\x62\x5d\xee\x40\x04\x76\xac\x23\xf3\x56\x3b\x49\x6c\x06\xdd"
	"\xae\xcb\xe4\xdc\xb3\x96\xc9\x6f\x0e\xbe\x6f\xa5\x36\xd6\x9b\x56"
	"\x00\x67\x82\xd7\x84\x2e\xa7\xf6\x22\xce\xdd\xb8\x1e\x3a\xb5\xb7"
	"\xe2\x35\xf2\xd7\x9b\xf4\x4b\x92\x57\xbb\x2f\x9d\xcf\x6e\x67\x40"
	"\xfe\xfa\xf2\xfe\x72\xf7\xf2\x58\x4f\x85\xde\xc0\xf3\xff\x6c\x3c"
	"\x0b\x90\xe3\x2c\xcb\x85\x47\x34\xab\xeb\x2f\x40\xb1\x18\x2f\xfd"
	"\xf3\xd4\xde\x09\xd6\xb5\x47\x39\xcb\x69\x66\x17\xa9\x39\x3d\xd7"
	"\x03\x7a\x48\x46\x90\xe5\x93\xbb\xc7\x97\xbb\x7f\x9b\xd8\x14\x4e"
	"\xac\xbc\xc5\x7a\x0d\xbe\xe7\x83\x83\xcd\xac\x42\xda\xf3\x0b\xe7"
	"\xc6\x29\x66\xa7\xac\x10\x06\xbd\xd2\x45\x19\xe3\xf7\x27\xb8\x3e"
	"\x29\xf6\x15\xb7\xf7\xf7\x0f\x60\x75\xc1\xb7\x5c\x51\xf1\xdb\xbf"
	"\xae\xbc\x59\x7d\xde\x2b\x76\xa2\x24\x95\xec\x95\x02\xe0\xff\x52"
	"\x04\xcc\x38\xe5\x9c\x73\xa0\x10\x14\x71\x09\xec\x28\x2e\x16\xa2"
	"\xa6\x81\xbb\x00\x27\x3d\x09\x72\x7f\x46\xa7\x6b\x27\x88\xf2\xef"
	"\xb4\x5c\x0e\x5a\xc8\xd9\x5b\x4c\xfb\x47\x50\x72\xb9\x7f\xb8\x65"
	"\x97\x7f\x4f\xbe\x3f\x3c\xdf\xbd\xbf\x1a\x44\x39\xc2\x97\xb6\xee"
	"\xcc\xb2\x69\x1a\xf8\xd5\xf3\xcd\xe9\xe0\x2f\x4f\x93\xdc\x5c\x89"
	"\xbe\xed\x11\xf7\x0a\xb1\x46\x93\xd2\x20\x8b\x41\x88\x45\x81\x47"
	"\x85\x58\x3c\xc2\x5f\x21\xab\xa5\x3f\xd4\xdc\xb5\x67\x89\x69\xa4"
	"\x42\xd6\xa6\x48\x43\x6a\x4b\x44\x28\xa7\x36\xfe\x0d\x3f\xe8\x55"
	"\x47\x15\x75\x42\x15\xf1\x73\x04\xfc\xf3\xf0\xe3\x3d\xe1\x1c\xe4"
	"\xc2\x6b\x25\x54\x59\x24\x40\xfd\x59\x68\xdd\x7a\xc5\x0d\xa0\xe7"
	"\xb6\x4c\x71\x71\x3e\x79\xba\xfd\xfe\x9d\x33\x96\xa2\x04\xc3\xe1"
	"\x2d\x0a\x58\xcd\xcf\xd2\xb1\x87\xbd\x0e\xc7\x29\x25\x1f\x1d\x4e"
	"\x28\xdf\xda\xc9\x11\x83\xbf\x6c\xe2\x22\x01\x69\x97\xa2\x8b\x8b"
	"\x93\xc8\xc2\xdd\x1f\xfb\xf8\x14\xda\xa9\xc9\x76\xbd\xa4\x96\xb7"
	"\x4d\x09\xc8\x20\x90\xa7\x9d\xce\x8f\x25\xcb\xd4\x6e\x46\x23\xb0"
	"\xbc\x05\x09\xfa\x19\x3e\xd4\x41\x36\xf3\x99\x70\x81\x10\x5f\x7d"
	"\xf9\xe3\x3b\xdf\x2a\x4d\xa3\xe8\xb2\x2b\xaa\x01\xa9\xe3\xb3\x84"
	"\x4d\xca\x74\x3a\x00\xf0\x1d\x1d\x27\x2e\x76\x33\x27\x00\x5e\x58"
	"\x1c\x00\x96\x93\xc0\x5f\xeb\xb3\x44\x4e\xe6\x28\xec\x7f\x7e\x7b"
	"\xd2\x0e\x74\x0c\x9f\xde\xde\x72\xee\xfc\xb0\x99\xb7\xf1\xce\x43"
	"\x7d\xe3\x18\xf4\x24\x98\xcd\xd6\x6b\x47\xe7\xe5\x84\x66\x16\xe7"
	"\x91\x72\xd8\x0b\xe4\xcd\xa7\xfd\x57\x6f\xe0\xcb\xed\x9f\x77\xb2"
	"\x6c\xb1\x22\x04\x08\x3a\x9a\x04\x28\x92\xc6\xaf\x52\xba\xc1\xb6"
	"\x92\x2c\x6c\x61\x29\xdb\x3a\x8a\x96\x38\xeb\x2a\xec\x82\xe0\x9f"
	"\xcc\x26\xa9\x53\xc1\x31\x0b\xfc\x8d\xc5\xff\x81\x8a\x1b\x5b\x9e"
	"\x7d\xad\xa9\x28\xc7\x8a\xed\xc3\x64\x52\x16\x99\x42\x71\xd6\xf6"
	"\x34\xb5\xb5\x4d\xc3\x67\xc9\x6c\x3a\x4d\x8f\xaf\x7a\x25\x59\x07"
	"\x0c\x9e\xd6\xf5\x60\x42\x6a\xba\xc3\x58\x3a\x07\x57\x3f\x00\xb5"
	"\x7a\xef\x82\x4d\x17\x85\x41\xb5\x45\x8c\xef\xf1\x37\x16\x87\x26"
	"\x94\x39\x8a\x01\xc1\x16\xb8\x5b\x82\x2d\xc8\xb6\x39\xd6\xc5\x57"
	"\x21\xf5\x57\x96\x95\xa2\x41\x46\x94\xe2\x3b\x21\x31\xde\x65\xfc"
	"\xe2\x3b\x73\x82\xe8\x96\x3a\xbf\xc8\x46\x6f\x9c\x1c\xda\xe8\x4d"
	"\xf9\xdb\x2f\x3e\x78\x73\x72\x62\x40\x61\x70\x35\x9d\x4f\xc7\x80"
	"\x7c\x67\x6b\x09\xcd\x01\xe4\xc4\xf0\x82\xd6\x1b\x4b\x0c\xf6\x06"
	"\x13\xe7\xeb\x95\x45\x11\xb3\x81\x58\x17\xff\xb5\x1e\xd1\x43\xee"
	"\x7a\x58\x30\x5b\x2e\x3c\x27\x46\x3a\xa2\x17\xc6\xf0\x67\x6f\xbe"
	"\x5c\x2c\x9d\x68\xde\xdf\x73\x6f\x71\x1e\xc6\x6c\xa6\x83\x18\x7f"
	"\xb1\x1a\xc4\xac\x66\x8b\x21\xcc\x62\x3d\x50\x17\x0d\xd6\x8b\x81"
	"\x4e\xa0\xc9\x76\x36\xb7\x47\xd1\x0c\x09\x95\x01\x9d\x30\xbf\x91"
	"\x1a\x62\xfb\xf6\x66\xd3\x0e\x95\x3b\x2c\xb7\xdb\xb9\x7b\xa1\x41"
	"\x00\xab\x99\x7b\xb6\x14\x6c\x33\x5f\x2c\x6c\xbe\xb7\x25\x48\xd7"
	"\x09\xaa\xc3\x5a\xd7\x41\x89\xa3\x48\xa2\xa4\xf7\x6d\x3d\xc6\x0c"
	"\x58\x0f\xe2\xb3\x34\x11\x14\x2e\xbc\x06\x23\x5f\xf6\x72\x98\x03"
	"\x9b\xd9\x33\xcd\xdd\x78\xed\xab\xd7\x83\x90\xe5\x62\x18\xb2\x1c"
	"\x86\xac\x06\x21\x2b\x6f\x70\x22\xda\xbc\xe4\xb4\xa1\x10\xda\x5d"
	"\x31\x8b\xcb\x6e\xac\x73\xdd\x7d\x79\x02\x21\x10\x0c\x27\x86\x16"
	"\xf4\x0a\xe6\x58\xe3\xad\x7d\xa6\x7b\xc5\xaf\x27\xac\xc0\x74\x82"
	"\x8f\x84\x21\xa9\x5d\x87\x35\xcd\x61\xdd\x18\x93\x72\xe2\xe0\xb3"
	"\x23\x04\xe3\x09\x9c\x6e\x7f\x68\xdc\x17\xc3\xf3\x44\xf8\xdb\x6f"
	"\xd7\xa4\x03\x2c\xab\x97\xcd\xb4\xfa\x62\x15\xa1\xb6\xc5\x5e\xb4"
	"\x1c\xac\x59\xec\x47\x03\x38\x65\x36\xd8\x02\x45\xf3\x41\x03\x33"
	"\x1c\x0e\xdd\x59\xc5\xa9\xca\xaa\xad\xca\x54\x5c\x52\x2d\x3a\x10"
	"\x6d\x4f\xec\x12\xbe\xe9\x5a\x5e\xf9\x45\xf0\x27\xe9\xd9\x55\xb6"
	"\xcc\xbd\x19\x26\xc9\xba\x63\xe8\xd2\xad\xec\xe6\xb8\xdc\x28\x9a"
	"\x27\x4d\x7a\x9e\x27\xfd\x44\xb9\xb5\x56\xbe\x95\x32\xeb\x53\xe2"
	"\x74\x3d\x9d\x4e\x6d\xe9\x95\xaf\xbf\xc1\x26\x46\x27\x95\xd7\xa8"
	"\x28\x57\x16\xaa\x0e\x75\x42\xc1\xec\x90\x76\xd5\xa1\x3a\x20\x2c"
	"\x22\xcd\xa6\xa0\x43\x54\xb3\x9b\xd2\x6d\x6f\x95\xd0\xab\xfd\x75"
	"\x03\xd6\x43\x02\x35\xa9\xe0\x2a\x57\x1e\x0a\x05\xc9\x5d\x75\x35"
	"\x8e\x93\x77\xd9\x51\x84\xdc\x3b\x09\x6b\x78\xf1\x7c\x49\x3a\xeb"
	"\xce\x94\x85\x32\x9c\x57\x27\x42\x2d\xea\xbd\x86\x1c\x11\x22\x85"
	"\x0c\x8f\x3a\x3a\x0b\xb8\xea\x95\x76\xba\xa3\xb3\xd4\x97\x20\x08"
	"\x32\x65\x71\xda\xdd\xe4\xfa\xc0\x87\x7f\xa0\xf9\xe3\xfb\x46\xd6"
	"\x9f\xee\x2a\xab\x04\x5f\x45\x8e\xec\x8a\x71\x5d\x00\xf1\xd7\x0c"
	"\x73\x55\x08\x6c\x1b\x82\xd9\x07\x27\x3e\x8a\xa8\x19\x2e\xcc\x75"
	"\x32\x83\x62\xa6\xed\x38\xf9\x92\x15\xc4\x58\x8e\xb8\xe8\xa2\x80"
	"\xdf\xef\x49\xca\x66\xf3\xe9\x19\xe4\xbf\x10\xfc\xae\x2f\xe0\x54"
	"\x62\x0e\x69\xf1\x64\x95\xdb\x8d\xa1\x82\xd6\x31\x0f\xdf\x9a\x42"
	"\x35\xc8\x6d\x93\xd2\x73\xe7\xdc\x12\xd2\xec\x84\x6e\x32\x63\x24"
	"\xac\x16\x23\xd5\x39\x64\x64\x01\xe9\x3d\x2d\x34\x96\x65\x16\xdf"
	"\x9d\x6e\xdf\xef\xbe\xdd\xbf\xfc\xd6\x77\x45\x73\x3d\x64\xb2\x88"
	"\xb5\xc5\xd8\x45\x0b\x4e\x44\xad\x8f\xe3\xc4\x7c\x25\xa4\x00\xff"
	"\xf6\x4e\x90\x50\xde\xca\xd7\xd3\xc5\x08\xd8\x96\x22\x37\xaa\x7e"
	"\xad\x72\x83\xc2\x93\x9b\xce\xef\x0b\xcb\xd9\xd9\xfc\x6d\x5d\xc6"
	"\x47\x99\x03\x0a\x57\x94\x56\xc8\xf7\xc0\x7a\xc7\xcd\x35\xb5\x23"
	"\x99\x27\x26\xf9\xcd\x3f\x7f\xb9\x7d\xbb\xdc\x5f\x07\x34\xb8\x7d"
	"\xbd\xd7\xc6\x91\x63\xf2\xc0\xd4\x4a\x7d\x22\xe4\xaf\x97\xf7\x87"
	"\xa7\xcb\xcb\x8f\xf7\xc9\xee\x85\xcf\x85\xe7\x97\xae\x83\xa9\xa6"
	"\x19\x05\x86\xd7\x93\xac\x14\x1b\xa1\xe9\x49\x4e\x84\x89\xa5\xb4"
	"\xbb\xcb\x51\x6a\xf2\xd8\xbe\x0d\x12\x64\x84\x03\xa1\x2f\xa9\x03"
	"\x1d\x96\x5f\x7f\x3c\xdf\xc1\x23\x4d\xdf\xc7\x72\xd3\x77\x51\xd8"
	"\x5b\x5c\x90\x86\x02\xb6\xe6\x6c\xb5\x59\xd0\x2c\x00\x74\xb6\xb2"
	"\x30\x1a\x0d\xd9\x26\xeb\x4f\xc4\x4e\x90\x2f\x16\xfe\xd4\x9e\x1f"
	"\x31\x7f\xbd\x9a\xda\x9f\xa3\x05\x48\x18\x0f\x44\x31\x86\xf7\xc3"
	"\x01\xd4\x3e\x0e\x2c\xe6\xc5\x80\xe1\x3d\xb8\xd8\x4c\x2d\xe2\x01"
	"\x01\x08\x37\x8b\x95\x97\x9c\x8e\xf6\x6a\xce\xb9\x3f\xb5\x9b\x96"
	"\x89\x8e\x2e\x40\x03\xc0\x4e\x4f\x40\xe9\x09\xd9\x3b\x2d\x44\x9b"
	"\xe9\xcc\xde\x46\x20\x2f\x7c\xab\xc5\x93\x02\x71\x35\x52\x40\x16"
	"\x4e\xf2\xd2\x77\x93\x67\x2e\xb2\xcd\x8a\x43\x90\xe3\xd4\x5e\x74"
	"\x12\x78\x33\xf0\xc7\xed\xfa\xbe\x06\xe3\xfa\xc0\x3d\x59\xce\xf9"
	"\x6e\xd2\x75\x0e\x74\x65\x25\x21\x46\x0c\xa2\x24\x98\x59\xc9\xbc"
	"\xf8\x8e\xaa\x92\x56\xc3\x81\xdf\xfe\x1d\xe4\xf5\x3a\x4f\x6c\x1e"
	"\x4e\xaf\xf4\x85\x9b\xbe\x9c\x9e\x1d\xf3\xe8\xec\xcd\x17\x16\xc3"
	"\xfc\x1a\xb0\x5a\x2d\x1d\xcb\x4f\x02\xd6\xcb\x01\xc0\x66\xe6\x06"
	"\xac\xe7\x4e\xc0\x7a\x33\x5d\xb9\xe9\xfe\xc2\x4d\xdf\x0c\xe4\xdf"
	"\xac\x4d\x87\x0d\x50\x21\x40\xf5\xba\xbb\xeb\xf5\x83\x80\xb7\x7c"
	"\x0d\xc0\x7b\x46\x4e\x4d\x1e\x57\x33\x70\x1a\xf9\xde\x36\x31\xcf"
	"\x35\xfc\x55\xa8\xe1\xe5\xf6\x2d\xc3\x49\x3d\x92\x1c\x17\x42\xef"
	"\xd1\x0a\xe1\x47\x50\x69\x25\xe6\x41\xb4\xe0\xcb\xd5\x3e\x48\x0e"
	"\xa1\x93\x20\x07\x0b\xb6\x58\x3b\xe8\x87\xb5\xe5\xb5\x5d\x50\xd3"
	"\x05\x5b\x7a\x76\x3a\xc5\x81\x7b\xff\xa7\x64\xbe\x5a\x9e\x07\x30"
	"\xc9\x62\x6a\x3f\xa6\xe8\xe1\x66\xcd\x97\x8a\xef\xc8\x6e\x31\xb9"
	"\x46\xdb\xf3\x62\x3a\x70\x3e\x51\x96\xe4\xd8\x32\x01\xe5\x6b\x44"
	"\x77\x32\xc5\xf9\x6c\xe3\x58\x33\x20\x0e\x5e\xdb\x3b\x8c\x91\x2a"
	"\x4e\x1c\xa3\x8d\xe2\xc4\xe2\xaf\x14\x0c\x4d\xbd\xa9\x45\x5c\x2b"
	"\xad\x50\x6d\x1e\x27\x5c\x26\xaa\xa2\x51\x02\xe0\xd8\x4a\x24\x60"
	"\x33\x75\x03\x7c\x6f\xe5\xfc\x6e\xde\x33\x8e\xa3\xb1\x46\x2c\x96"
	"\x8b\xa1\x5a\xd6\x6e\xc0\x7a\x39\xf0\xa5\x1b\x6f\x3a\x04\x70\x9f"
	"\xbf\x2d\xc8\x75\xce\x71\x10\x3f\x41\x66\x16\xd7\x06\xa7\x78\x3e"
	"\x9d\x39\xe6\x26\x07\x2c\xa7\xf3\x81\xc9\x7b\x8a\x3d\x7f\x35\x73"
	"\x63\xe2\x64\xb6\x70\x6c\x0f\x2c\xe0\x9b\xe6\xc6\xde\x61\xa8\x20"
	"\x5f\xb3\x14\x39\xbb\xa3\xc1\xb8\x7a\xe3\x94\xac\xe7\x8e\xf3\x94"
	"\x93\x67\x9e\x9b\x27\xa8\x21\x03\x95\xcc\x16\xd3\xa1\x52\x36\x9b"
	"\xb9\x7d\xbf\x13\x56\xd5\xe1\xca\x33\x7b\x8e\x6f\xed\x26\x35\xb5"
	"\xfa\xd6\x98\xd2\xa6\x11\x79\x45\xc8\x80\x1b\xc7\x2c\x66\x68\x87"
	"\xcd\x85\x80\xdd\x41\x29\xcd\x31\x68\x99\x58\x1e\x85\xae\x70\x10"
	"\x71\x08\x09\xc7\xd8\x0c\x79\x91\x9d\x6f\xc6\x82\x39\x1f\xb3\xb3"
	"\xad\xa7\x2b\x0a\x6e\x22\x6b\xcb\xba\x55\x50\xe1\x62\xb6\x59\x0f"
	"\x81\x52\xfe\x57\x3e\x00\xe2\x2c\xaa\x6f\x59\xc3\x1d\x90\x37\x00"
	"\x8a\x50\xba\x98\x2d\x16\x43\x4d\xb7\x3e\xe0\x5d\x21\x84\xc6\x9b"
	"\xd9\x74\x31\x8c\x5a\xfa\x2b\x0f\x0d\xc0\xe0\x8c\x59\x79\x63\x40"
	"\xfe\x20\x68\xbd\xf2\xcf\x23\x40\x83\x7d\x10\xcb\xad\x62\x04\x6a"
	"\xb9\x5a\x0e\xa0\x80\xfb\x5d\xac\x47\xa0\xd6\xcb\xf9\x66\x0c\x6a"
	"\x39\x1d\x81\xb2\x69\x4b\x74\x50\x16\xe5\x36\x05\xc5\xd9\x49\xcf"
	"\x73\xae\xf3\x3e\xef\xda\xa1\x6d\x46\xd4\xb1\xd8\xe4\x23\x50\xeb"
	"\xa1\x4f\xcf\xa3\xf2\x2b\xb6\xd9\x00\x2a\xb0\xe3\x7a\x3d\x5d\x8e"
	"\x42\xad\x47\xa1\x36\x83\xa8\x53\xe2\xec\x44\xce\xd9\x7a\xb3\x99"
	"\xb9\x13\x29\x67\x0a\xa7\xcb\xa1\x75\xc4\xcf\xe0\x85\x67\x8b\xaa"
	"\xa0\xc1\x96\xfe\x6c\xf0\xdb\x25\x17\xe4\xcf\x46\xc1\x56\xe7\x31"
	"\x30\x6f\x54\xdb\x16\xfe\x7c\xa8\xb4\xa3\x55\xf3\xb6\x08\x6c\x51"
	"\xfa\x84\x50\x4e\x71\x44\x71\x95\x49\x3d\x81\x9a\xec\xe4\xee\xe5"
	"\xd5\xe0\x2f\x5d\xe6\xd2\xc3\x99\xeb\xa2\x40\xa0\x4b\x2f\xb2\x15"
	"\x3b\xba\x5f\xeb\x04\x16\xec\x0d\x19\x3f\xf1\x46\x81\x0b\x04\x11"
	"\xcf\x86\x71\x34\x2c\x46\xa0\x02\x1c\xb8\x62\x72\x4b\x4c\x96\xb2"
	"\x02\xdc\x6b\x2b\x0f\xf3\x47\x12\x62\x11\x7b\x4e\x0f\x98\x07\x89"
	"\xc7\x79\xec\x43\x94\x0f\x30\x90\x44\x46\x2d\xff\x2b\xae\x9f\x1b"
	"\x85\x47\x87\x82\x92\xc4\x48\x26\x22\x21\xa9\x88\x40\x90\xee\xb0"
	"\xe9\xc5\x4a\x34\x23\xc1\x89\xcf\xff\xab\x1b\x7a\xd5\x80\x36\x69"
	"\xb7\xca\x8f\x15\x51\x31\xac\x1d\xc2\x0b\x6d\x75\x4e\x4d\x31\x81"
	"\x64\xfb\x9c\xf6\x13\x59\x50\xcf\x1d\x4b\xf1\x6d\x93\xdb\xd2\xb5"
	"\xb2\x5b\x41\xf2\xcf\x39\xde\x59\x89\xc7\xa0\xec\x37\xeb\x4a\xcd"
	"\x4b\x47\xef\xaa\x85\x54\x27\xde\xdb\x66\x4f\xca\x3d\x70\x16\xea"
	"\x31\x3a\x8d\x80\xda\xdb\x81\x5b\x46\x1e\x1e\x23\xea\x46\x40\xa4"
	"\xaf\xad\xd9\x04\xfe\xb8\xf5\x95\x92\x12\xe4\xfc\xd2\x66\x76\x08"
	"\xd7\xc6\xb1\xed\x99\x4c\xa2\xe9\xbe\x3a\x62\x4b\xc7\xf1\x71\x13"
	"\x5a\x6f\xf5\xa0\xf5\x4d\x3c\xe4\x26\x72\xb9\x9f\x24\x49\xf0\x13"
	"\xe5\x2b\xb8\xb1\xfc\xd2\xa6\x60\x70\x23\xb5\x0b\x22\x52\x24\x5d"
	"\xf3\x1a\xb5\x2d\xdb\x32\xf2\x3b\x16\xe7\xd7\xf4\x7a\x5d\xf5\xd2"
	"\xf9\x97\x66\x39\x35\x51\x78\x2f\x89\x45\x4e\x76\xfa\x22\xb9\x7d"
	"\xbe\x7b\x78\x7c\xbc\x7d\xfd\xf3\x6a\x83\xf8\xfe\xe3\x99\xff\xfd"
	"\x0f\xde\xa2\xe7\xb7\x17\xf8\xc7\x83\x7f\xc7\x7f\x7d\x7f\xf8\xc7"
	"\xe4\xd7\xd7\x97\xe7\xf7\xcb\xf3\xfd\xdb\xdf\xbb\x7b\x25\x6c\x06"
	"\xc5\x51\x18\x46\xd6\x4e\x7d\xea\x6a\xd0\x8f\xfb\x87\x97\xc9\xfd"
	"\xe5\xee\xe5\x5e\x94\xfa\xfd\xf5\xe5\xee\xf2\x06\x05\x0b\x13\x8f"
	"\xa7\x87\x3f\x14\xe5\xdd\x22\xa4\x2d\xb4\x49\x3b\x3e\xdc\x5f\x5e"
	"\x2c\xa9\x50\xc2\xad\x56\x81\x4e\xbf\x3c\xeb\xa9\xc1\xed\xd3\xe5"
	"\xf5\xb6\xfe\x32\xc5\x48\x59\xba\x36\x7a\xbc\x7d\xfb\xd6\x4d\x94"
	"\xe5\x3c\x3c\xf1\x66\xff\x7e\x79\xba\x3c\xbf\x4f\xc0\x0c\xb3\x25"
	"\x8b\xaf\xfb\x49\x82\xee\x5e\x38\x8a\x7f\x1a\xbc\x73\x68\x20\xbe"
	"\x4d\x4f\x44\xa7\xea\xc9\xc9\xc3\xdb\xdd\x85\xf7\xfd\xf3\xe5\xe5"
	"\xc7\xdb\xe4\xdb\xe5\xf1\x7b\x17\x41\xe5\x08\x4c\x7e\xc0\x7b\x11"
	"\x2f\xf5\xed\xe5\xae\xba\x93\x9f\x20\x47\xab\x2d\x4a\x8c\x25\x5c"
	"\x1b\xd1\x75\xca\x09\x0a\x7b\x79\x79\x7c\x03\x7b\x19\xfe\x5d\x97"
	"\xc7\x97\xef\x93\xe7\xcb\x7f\xae\xc3\xd8\xa0\x76\xaf\xb7\xdf\xbf"
	"\x3d\xdc\xbd\xf5\x4f\xc2\xb0\x50\xb4\x28\xf8\x0f\x70\x27\x48\xaa"
	"\x90\x6a\x96\x72\x90\x1e\xe6\x7c\xf0\xcf\x8d\x49\xb3\xf9\x81\xae"
	"\x68\x02\x43\x5b\xac\xac\xae\x00\x3e\x87\xa2\xae\x9d\x93\x02\x3a"
	"\x24\xb4\x36\xc5\xd5\x1b\x07\xe9\xd1\xd6\x48\x8a\xc4\x61\xd5\x3e"
	"\x3d\x9b\x88\x10\x71\x45\x3c\x8e\x7f\xe6\x9c\xa4\xde\x2a\x09\x88"
	"\x31\x12\xc6\x48\xb4\xa2\x36\xdb\x7a\x00\x0b\x0d\x17\xbe\x2a\x42"
	"\xe3\x22\xef\xf6\x5a\x80\x03\xcb\x57\xee\xf8\xbe\x05\x6f\x6d\xed"
	"\xe7\xb4\x9a\xff\xf5\xbc\x9e\xf0\x49\xdc\x99\x37\x5a\xe9\xd2\xc6"
	"\x7c\x35\xb5\x18\x69\x37\x10\x4a\x62\x9b\x3e\x7c\x03\x11\xc1\x19"
	"\xf9\x6d\x73\xb3\x3e\x8f\xc3\x59\x5e\x57\x00\xb7\x0f\xe3\x20\xb4"
	"\x52\x13\x08\x13\x16\x12\x9a\x77\x82\x52\x37\xaf\xff\x93\xbf\xc9"
	"\x1d\x25\x78\xc9\x9b\x9d\xe4\xef\x60\x55\xf9\xeb\xc3\x6f\x3f\x5e"
	"\x6f\xe1\x91\xb1\x5d\x9b\x49\x38\x89\x1f\x7e\x79\x85\xcd\xed\xf5"
	"\xe5\xc7\xfb\xc3\xf3\xa5\xd7\x43\xc7\x9d\x63\x1c\x8f\x7c\x3a\x59"
	"\x89\x65\x18\x5b\x69\x45\x80\x0a\x78\x8e\xde\x87\x16\x93\xba\x16"
	"\x14\x1f\x43\x7b\x15\xb5\x9f\x88\x9d\x7e\x94\x2b\x80\x1c\xa5\x22"
	"\xc4\x54\x13\x77\xf8\xfb\xe3\xed\x9f\x93\x9c\x6f\x28\x8f\xbd\x0f"
	"\x15\x50\x77\x75\x12\x42\x49\x92\xc7\x78\x00\x44\xd2\x34\x8b\xc1"
	"\xa0\x7e\xba\xda\x7c\x0d\xd0\x00\xfa\xe7\x90\xf0\x3b\xf3\x74\x35"
	"\x4d\xf0\xd4\xea\xe0\xf4\x0a\x2f\xd0\x4d\x48\x4a\xde\x41\xc9\x72"
	"\xe3\xef\x87\xd0\x75\x14\x92\x2a\x0e\x37\x36\x95\x69\xe5\xfb\x39"
	"\x6e\x37\x5f\x58\x6e\xbf\x57\x1c\xff\x13\xd1\x2c\x25\x41\x75\x3c"
	"\x9e\xbd\x69\x34\x9d\xcd\xd3\xe9\xd8\x96\xd0\x25\x9e\xed\x91\x3f"
	"\x1e\xbd\x46\x68\xb0\x6c\xbe\xad\xe6\x55\xfc\xc5\x9b\x7a\x85\x47"
	"\xcf\x96\xa7\x84\x1e\x9e\x4e\xe7\x33\xe6\xc5\x78\x18\x4f\x38\xfb"
	"\x9f\x92\x73\x45\xd9\x6a\xb5\xde\x1c\x07\xe0\xe0\xa9\xba\x9c\x4f"
	"\xa7\x83\x1d\xc9\x3b\x7c\x2c\x6e\xba\x58\x2e\x76\xf3\xa9\x67\x79"
	"\xa9\xb1\x60\xf9\x06\x19\x8e\xec\x69\xfe\xd7\x72\xea\xa5\xe9\x74"
	"\x3e\x22\x53\xca\x66\x8b\xe5\x66\xb1\x15\x9f\x7a\x0c\xb3\x8f\xc0"
	"\x47\x95\x0e\x4e\xd4\xf9\x4d\x8f\xcd\xd7\x53\x6f\x44\x05\x50\xee"
	"\xfe\xbc\x9e\x79\x9e\xbf\x1d\x01\xcf\x58\xe2\x6d\x3c\x0f\x8d\x6c"
	"\x3e\x2b\xca\xf8\x86\x6f\xdc\xf3\xd9\x6c\xfa\x17\xe0\x55\x84\x0e"
	"\xb8\x3a\x05\xbb\x8f\xe4\x1b\xee\xa5\xc3\x72\xbd\x5e\x1c\xbd\x6a"
	"\x39\xaf\x50\x9c\xef\x51\x35\x38\x8d\x19\x41\x29\x3f\x30\x8b\xe5"
	"\x72\x0e\x31\x10\x06\x6b\xe8\xe1\xab\x34\x93\x1c\x8e\x54\x50\xfd"
	"\x70\x76\xcf\x9f\xee\xbf\x3a\x0a\xb1\x74\x49\xc4\xe0\x51\x08\xba"
	"\xb2\xcb\x56\xa9\x28\x12\x93\xcd\x7a\xed\xed\x47\x8f\x90\xcc\xe0"
	"\xa7\x62\x8c\x36\xbc\x65\x7f\xed\x7b\xfe\x62\x2f\x2c\x67\x6b\xff"
	"\xa3\x23\x0c\x0d\x1d\x1c\xe5\xfd\x59\x2e\xa0\x35\xf8\x79\x00\xdb"
	"\xf0\xe1\xfe\x30\x57\x34\xa2\x79\xab\xd9\x87\x9b\x67\xce\x35\xa2"
	"\xae\x45\x3f\xd7\xd4\x9f\xfe\xc5\x7c\xde\x5f\xcc\xf7\x17\xdb\x39"
	"\xfb\x8b\xed\x9c\xfd\xc5\x76\xce\xfc\x51\x2b\x00\xf6\xe5\xc5\x66"
	"\x31\x7a\xc5\x34\xf8\xd1\x5b\x47\x13\x0e\xa3\x0a\xc6\x4d\x44\x5b"
	"\x36\xb1\x3c\xeb\xe3\xe0\xff\x87\x22\xaa\x7d\x94\x8f\xe0\xca\x3e"
	"\xda\x7a\x39\x02\x7f\xf1\xd3\x65\xe6\xbf\x52\xad\x31\xcf\x07\x7a"
	"\x6c\x30\xff\x88\xee\xea\x7e\x34\x94\xf0\x81\xdd\x51\xcf\x37\x9f"
	"\x7f\x30\x1f\xbe\xd6\xf7\xe1\xb6\xaa\x79\x8f\xff\xdf\xf2\x8e\xdc"
	"\xd3\x17\x7f\x69\xd3\x5c\xfc\xff\xb5\x69\xce\x3e\x9a\x0b\x65\xe1"
	"\xb8\x56\xd2\xe0\xe3\x13\xa0\x9b\x67\xf3\xf1\x2c\xcb\x11\x59\xda"
	"\xeb\xc4\x3a\x0a\x24\x47\x09\x9f\xe5\xe4\x3d\x42\x4a\x78\x5f\xb0"
	"\x6a\xb6\xae\xa6\x41\x35\x45\x3c\x21\xa8\x79\x90\x1e\xb6\x79\xb1"
	"\x87\x3c\x50\x76\x6d\x59\xd1\x65\x57\x60\x39\xcd\xbc\x9e\x2a\x85"
	"\x82\xd8\x16\x24\x54\x4d\xbc\xae\x55\xb4\x14\xed\x3a\x4b\x9a\x50"
	"\xb0\x93\xed\xeb\xc3\xfd\x6f\xfd\x2b\xbc\x7c\x85\xe1\x57\x17\x94"
	"\x9e\x57\xeb\xb3\x5d\x3e\x11\x84\x29\x85\xf6\xdb\x85\x31\x65\xc2"
	"\x79\xeb\x1d\xef\x07\x14\xd8\x85\x3b\xfc\x0a\xed\xf4\xd1\x2c\x84"
	"\x18\x20\x01\x87\x58\x4b\xfc\x3e\x15\xe6\x67\x50\x05\xdd\xe1\x6a"
	"\xbb\x5e\x4c\x8f\xb3\x2a\x3a\x59\xf3\x81\xf8\x24\x67\xe9\x6c\xbe"
	"\x74\x1d\xa7\x05\x0a\x71\x95\xd3\xf5\xd2\x71\x58\x53\x02\x97\x3a"
	"\xb2\x5e\x3a\x18\x08\x4e\xdf\x4c\xfd\xb3\x93\xee\xcf\xec\x82\x21"
	"\xb6\x27\x29\xe6\x7f\x06\xcb\x19\xef\x15\x6f\xea\x3b\xa0\x19\xdd"
	"\x93\x2d\x92\xaa\x38\x2b\x8b\xf5\xa2\x00\x92\x8a\x45\xf9\xdc\x9b"
	"\x3a\xc5\x4c\x28\x3c\xae\x6c\xf6\x65\x62\x4e\x14\x41\xbe\x2b\xed"
	"\x12\x28\x02\x33\x9f\x14\x24\xb5\x4c\x52\x25\x22\x76\x67\x5c\xeb"
	"\x47\x87\xae\x64\x47\xb1\x3b\xd9\x87\x45\x25\x3c\x8b\x56\x3b\x44"
	"\xd2\xaa\xd8\x6d\x3f\x77\x84\x89\xc2\x1e\x71\x8f\xc2\xec\x04\x8f"
	"\x9b\x04\xbc\x88\x39\x9f\xf1\x9a\x3c\x8d\x91\x24\xc2\xb8\x8a\xd1"
	"\x8d\x63\xfe\x81\x1b\xad\xb0\xb0\x4b\xb6\xf2\xd8\x73\xf4\x5e\xff"
	"\xfd\xa6\x7f\xbf\x2c\x08\x4e\xeb\x78\x79\x5f\x4a\x52\x1c\xa8\x6e"
	"\xb4\xb9\xcb\x4b\xb3\xf7\x7f\x20\x34\x26\xa0\x9f\x9e\x6e\x1f\x1f"
	"\x26\xbf\xdf\x3e\x7e\xbb\x7d\x7c\x9c\xbc\xce\xfc\xef\xde\xa7\x2e"
	"\x56\x06\xb8\x10\xcf\x45\xc6\x87\x58\x80\xe1\xd0\xd4\x7d\x52\xa6"
	"\xff\x7a\xfb\x74\x99\xfc\xf2\xe3\xd7\x5f\xc1\xe1\x5a\xd7\xc9\x77"
	"\xb4\x05\x46\x2f\xe6\xb3\xf8\xda\x48\x9e\x96\x66\x8c\x44\x37\x6a"
	"\x92\x5a\x65\x23\xd3\x15\x12\x5e\x43\x27\x41\xa1\xfc\xbf\x88\xc4"
	"\x71\x21\xdf\x41\x74\x42\x90\xe5\x37\x3c\x3b\xea\x11\x08\xc4\xb0"
	"\xdc\xc6\x44\xcf\x42\x6f\xa8\xb9\x2c\x20\x18\xcb\x02\x82\x5a\xd6"
	"\xb5\xe5\xbc\x55\x59\x81\xc9\x2e\xe5\x1b\x18\x9f\xc8\xa9\xb9\xf5"
	"\xa2\x46\xed\x19\x89\x27\xf2\xfd\x1e\x17\x05\xef\x69\x92\x69\xe9"
	"\x22\x4c\xab\x14\x50\xeb\x19\x18\x89\x45\x03\x98\xb4\xe2\xee\x8f"
	"\xc6\xb7\xc6\x3d\xa6\xe1\x9d\x96\xe7\x47\x45\x12\xd8\xe4\xc4\x9c"
	"\xec\x8e\x51\x0c\x5f\xe1\x85\x42\x07\xdf\x4a\x4f\x68\x50\x46\x56"
	"\xb2\x4d\xbc\x0b\xe3\xb4\x4d\xaa\xdd\x99\xcd\x17\x16\x89\x20\x87"
	"\xd4\xa7\xa5\x8d\x9c\x60\x90\xb6\x65\x09\xb6\x01\xb6\x45\x86\x42"
	"\xba\xc7\x96\x50\x7d\xd1\xd6\x25\xa6\x05\x2a\xe5\x1f\xaf\x2b\xb5"
	"\xb7\x66\xfc\xc1\x41\xb8\x91\xac\x78\xe7\xf6\x97\x28\x24\x06\x31"
	"\xa2\x14\x9e\xd3\x49\x80\x3f\x3f\x29\x86\xbb\x9c\x16\xcf\x23\x7e"
	"\x47\x9c\xfb\xcc\xc2\x64\x09\x4c\x42\xfd\xf5\x6c\x17\x59\x14\xc5"
	"\x04\x84\x1d\x67\x8b\xe9\x97\xa3\x15\x00\x92\x0b\xdf\x72\x34\x35"
	"\xf4\x99\xe5\x68\x03\x3a\x0b\x33\x7f\x9e\x58\xc9\xc7\xdd\xce\x9f"
	"\xcf\x7c\x34\xb7\x22\x9c\x5e\xa7\x44\xd7\x2d\xf1\x72\x96\xd8\x5b"
	"\xe0\x90\x47\x03\x99\xb3\x6b\xb3\xe5\x26\xda\x59\x9e\x66\xea\x7e"
	"\x5c\x4c\xbd\x43\xe4\xe8\x6a\x90\x08\x5a\x9c\x52\x00\x39\x63\xc9"
	"\xcc\xf7\x17\xc8\x39\x0f\xb4\xe1\xfe\xb3\x4f\xaf\x8d\x26\x35\x43"
	"\xaf\x96\xd8\x51\x6f\x32\x21\x92\xf5\x66\xee\x55\x27\x5b\xe4\xf6"
	"\x2b\x12\x85\xf9\x7a\xbd\x9c\x8e\x41\xad\x86\x50\x71\x32\x5b\xce"
	"\xa6\x68\x0c\x6a\x33\x04\xca\xd7\x8b\xc5\x79\x00\x64\x55\x9e\x54"
	"\xca\x39\x2e\xfc\xe9\x2a\xce\x07\x60\xdb\x70\xe9\x59\xcc\x51\x94"
	"\x4e\x28\x82\x73\x90\x9a\xf6\x6f\x60\x4c\x94\xe5\x9c\xed\x32\xfd"
	"\x57\xc5\x4f\x3b\xf0\x72\xcc\xb7\x1f\x23\x81\xb3\xbf\xde\xd2\x48"
	"\x09\xe2\x92\xf9\xfe\x5c\x71\x64\x94\x95\x69\xa8\xfc\xec\xfc\x90"
	"\x5e\xc8\xf5\xa4\x3c\x48\xf4\x84\xfd\x29\xc4\xb9\x9e\x54\xa0\x53"
	"\x42\x42\xa2\x27\x82\x15\xb6\x50\x9b\xc8\xa2\xa8\x8e\x63\xa1\x50"
	"\x7f\x46\xc1\xa1\x9f\xd2\xc4\x1c\xd1\x15\x98\x80\x9a\x51\x0a\x0f"
	"\xc1\x26\x4b\x48\xd9\xc8\xb6\xed\x5a\xb6\x7d\x21\x92\x2d\xd9\x20"
	"\x1c\x25\x58\xc7\x09\x9d\x25\xaa\x37\x47\xc4\x5e\x45\x45\x48\x3f"
	"\xcf\x7c\x35\xbd\xde\x7f\xab\x2c\x0e\x41\x8f\xaa\xd3\x59\x45\x16"
	"\x54\x51\xa7\xa4\x23\x18\xda\x40\x70\x75\x4e\x8c\x68\xb7\x85\x57"
	"\xaa\xd5\x31\xbd\x68\xaa\x55\xf9\x4a\x34\x0a\x7f\x29\x41\xb7\xc9"
	"\xfa\xa1\x7d\x9d\x28\x91\x5c\x26\xc9\x8d\xb5\x50\x04\xee\x4b\xad"
	"\xd4\x84\xe5\xe8\xe8\x68\x90\x0c\xd0\xe0\x2d\x17\x96\x67\x65\x51"
	"\x46\x5e\xce\xf5\x0b\xbc\x0c\x1a\x13\xfe\x53\x3c\x18\x2b\x81\x4c"
	"\x60\x28\xc1\x0b\x16\x67\x9c\xe0\xb5\x9f\x9f\xa5\x5f\xf1\xe7\xe5"
	"\xbc\x53\xa9\xd9\x79\x2d\xa7\x94\x74\xab\x8f\x09\xe8\x93\xa1\x32"
	"\xd4\x1d\x35\x36\x84\x12\x79\x16\xb1\x42\x83\x08\x10\x41\x5f\x9c"
	"\x88\x65\x64\x8b\x5e\xda\x20\xf6\x24\xb2\x69\x36\x01\x64\x1b\x84"
	"\xbe\xed\xe1\xb5\x29\x22\xcf\xc2\x21\xfa\xde\x8d\x60\x59\x8a\xed"
	"\x1e\x50\x6a\xd0\x11\xf1\xc1\x3c\x5b\xba\x96\x66\x81\xde\xb5\x42"
	"\x95\xae\x5e\xfb\x7d\x4a\x48\xf3\x03\xdf\xa2\xe2\x6a\x9f\x77\xbb"
	"\x1e\xc8\x28\x01\x03\x62\xfb\xac\x93\x16\xb9\x1c\xe9\x58\x28\xad"
	"\x6f\x74\xe2\x1b\x54\xbe\x5e\x82\x5a\xbf\xe9\xd7\x97\x57\xce\xdd"
	"\x5e\x2e\x6f\x77\xb7\x8f\x97\x49\x90\x97\x57\x95\xa3\x97\xa7\xa7"
	"\x97\x67\x05\xfa\xf2\x1d\x94\x14\xde\x0c\x59\xfe\x47\x33\xe6\xaf"
	"\x3f\x02\x1c\x29\x23\x5a\xd8\xdb\xd8\x80\x28\x22\xc3\x18\x3a\x02"
	"\x93\x87\x16\xef\xe1\x2a\x0a\x0f\x55\x47\x92\x33\x2c\x0a\x5b\x10"
	"\x01\x80\xf1\x2e\x05\x2b\x58\xdf\x9b\x76\x7b\xd7\x50\xda\xce\x3e"
	"\x65\x8c\xd7\xf5\x76\x12\x9c\xd6\xab\x85\xb7\x71\x96\x0e\x0e\x6c"
	"\x1d\x8b\x54\x42\x96\xab\xe5\x7a\x04\xa4\x56\x8b\x77\xb5\xb6\xe3"
	"\x18\x56\x4f\x97\xc6\x9f\x4b\xd3\xa7\x38\xdc\xdf\x6a\x65\x2c\x46"
	"\x40\x5c\x1a\xfa\x2a\xd2\x62\x52\xaa\x40\xd6\x16\xcb\x2b\x1d\x32"
	"\xb2\xbe\xf5\x62\x36\x02\x32\xb6\xb0\xd5\x6c\x04\x64\x74\x61\xab"
	"\x11\x90\xb1\x85\x0d\x8f\xd1\x7a\xec\x18\x75\x3d\x15\xf7\x00\x8d"
	"\x77\xae\x7c\x9f\xa9\x82\x0e\x0d\x50\xa0\x44\x97\xd3\x5c\x37\x5f"
	"\x50\xf9\xfd\xf4\xa9\xe3\x4d\x2b\xc7\xe8\x60\x91\x3f\x89\xf0\xa4"
	"\xa0\x06\x16\xa1\x8d\xcd\xd3\x9d\x2c\xe3\x50\xfb\x02\x05\x1f\xdf"
	"\x56\xd8\x3e\x07\x09\xaf\xf5\x25\x5d\xfd\x8a\x2d\x0b\x8e\x34\xec"
	"\x8a\x87\x80\x23\xe6\xf7\xc1\xc4\xde\x90\xba\x88\x14\x9f\x80\xb1"
	"\xb6\xfb\xe6\x12\x67\x7c\xc5\xca\x34\xc5\x10\xc4\x69\xd0\x47\x97"
	"\xc4\xd3\x20\x87\x6f\xad\xbd\xf0\x0d\x66\x3a\x66\x27\xce\xe8\x17"
	"\x3b\x7e\xe2\xa4\x0e\x2d\x75\xf5\xbb\x65\x3d\xfc\x30\xd4\x87\xb0"
	"\x8c\x59\x81\x6a\x46\xf2\x0c\x5e\xbb\x6e\x1a\x39\x0c\x65\xc9\xc3"
	"\xdd\xeb\xcb\xe5\xf1\x72\xf7\xfe\xfa\xf2\x0c\x8a\x9f\x14\xae\x8a"
	"\x13\x38\x0b\xa5\x3e\xad\x29\xd4\x57\x5d\xe5\x99\x45\xf9\x0e\x59"
	"\xb7\xec\xaf\xe7\x6e\x6f\x77\xf7\x72\x10\xe0\x4a\x0e\xab\x69\x90"
	"\x98\x65\x26\x41\x50\xbb\x8b\x07\x9b\x95\x9c\x8b\xce\xd5\x80\x42"
	"\x54\x7a\x43\x5b\xb9\x04\x2d\x3d\xab\x0d\x65\x0f\x68\xb3\xc7\x54"
	"\x81\xab\xa9\x2d\xb0\x40\x03\x3a\xcc\x3d\x8b\x2b\x4e\x05\x62\x73"
	"\x21\xa8\x40\x16\x8b\xc1\x52\x96\xde\x6c\x10\x32\x1f\x6a\xee\x62"
	"\x66\xb1\x5e\x53\x20\x8b\xa1\xe6\xc6\xc1\x62\xe9\xbb\x1b\xb3\x0d"
	"\xfd\xf5\x20\x86\x2f\x9c\x20\x73\x42\x02\x3a\x5b\xc4\x33\x7f\x04"
	"\x66\x36\x02\x33\x1f\x81\x59\x0c\x60\xe6\x7e\x3c\xf7\x87\x31\x8b"
	"\xe1\x99\x28\x71\x63\xca\x5a\x0e\x63\x56\xb3\x41\xcc\x72\xf8\xd3"
	"\x56\xd3\x61\xc8\xb8\x0f\x5b\x0d\x2f\x30\x80\x9d\xcf\xeb\x31\xc5"
	"\xcd\xbc\xd9\x60\xcb\x66\xf3\xcd\x00\x64\x31\x8b\x07\x8a\xc1\x74"
	"\xe5\x0d\xcc\x12\x0e\xf1\xe7\xde\x30\x64\x86\x07\x30\xeb\x99\xb7"
	"\x1c\x84\xf8\xc3\xdd\x53\xc3\x86\x7a\x3b\xa2\xde\xf2\x7c\x76\x42"
	"\x76\x2c\x59\x0e\x6c\xb3\xa0\x23\x0c\x11\x96\xa6\x33\x77\xdb\x13"
	"\x74\xde\xac\x17\x03\x3b\xa3\x00\x2d\x57\xc3\x98\x8d\x3f\x02\x34"
	"\x1b\x62\x0c\x45\x6d\xee\xf1\x4f\x68\xb2\xde\x78\xcb\xea\x14\x84"
	"\x8d\x71\x9f\x13\x9f\x07\x89\xb7\x5c\x7b\x83\x98\xd5\x7a\x33\x38"
	"\x8e\x02\xb7\x39\x8f\xc6\x0d\x0d\x38\xe0\xd6\xcb\x71\xe5\x01\x6e"
	"\x44\x79\x7c\xc6\xae\xd1\x98\x02\x25\x70\x44\x89\x0b\xcf\xff\x63"
	"\x4c\x81\x02\x37\x54\x5e\xc1\x16\xcb\x81\x35\x05\x90\x99\x7b\xbc"
	"\xe8\x8e\xc5\x0b\x97\x5c\x45\x80\xc4\x4b\x4d\x25\x22\x7f\x46\xc4"
	"\xc2\x34\x5f\xc1\x45\x54\xf3\x73\xc3\xdc\xce\xf0\x4d\x9d\xd2\xc4"
	"\xb7\x19\xec\xab\x98\xe5\xd4\x1f\xec\xb2\x06\x37\x34\x04\x1c\x37"
	"\x5f\x0c\x2c\x55\xca\x90\x2d\x72\x84\x0a\x59\x0c\xf4\x2c\x23\x15"
	"\x45\x6e\xc1\x01\x43\xd4\x5f\x0c\x9c\x9c\x1c\x63\xf5\x0c\xa3\x62"
	"\x56\xde\x79\x18\xe3\x4f\x87\x31\x6b\x3f\x19\x02\x71\xf6\xcc\xbd"
	"\x23\xb2\x10\xad\xe6\x03\x72\x0d\x71\x05\x1b\x90\x18\xb0\xf8\x38"
	"\xf3\xa7\x88\x04\xfe\x6c\x70\x68\x55\xec\xd0\x74\x69\xb1\x33\x6f"
	"\xe0\x2c\xb9\x22\xfd\xf3\x7c\x7c\x1b\x04\x7a\x7c\x2b\x06\xda\x40"
	"\x67\xc8\xf7\x57\x78\x00\x24\xf9\x90\x61\xd0\x00\x87\x7e\x4a\xd6"
	"\x0b\x6f\x3a\x08\x19\xe0\x89\x05\x64\xb8\xa2\xf5\x60\x45\x36\x07"
	"\x8a\x2a\xc4\x5f\x0f\x42\x66\xc3\xa5\xcc\x56\x83\x90\xf9\x70\x29"
	"\x8b\xe1\x2f\x5a\x0c\x76\xdd\x6a\x35\x5c\xca\x6a\x39\x08\x59\xfb"
	"\x43\x90\xf5\x74\x78\x52\xd7\xb0\xa1\xd9\x0c\x8e\x7d\xa6\x83\x5f"
	"\xb6\x59\x4e\x87\x21\x83\xcd\xde\xac\xe6\xc3\x90\xc1\x49\xb1\x19"
	"\x10\x74\x7d\x15\x42\xe2\xcd\x32\xd7\x55\xd9\xfa\xe2\xb0\xe5\x72"
	"\x6a\x12\x89\xca\x1d\x6e\xe0\x3e\x7c\xe2\x13\x6f\xe6\xd8\x05\x41"
	"\x3a\x96\x23\xc0\xad\xfd\xb3\xe3\x69\x42\x94\x74\xee\xc4\x2d\x54"
	"\x58\xc6\xd5\xb0\xe0\x6f\xb6\xf0\x86\x21\x1b\x77\x57\x48\xe9\xb0"
	"\x29\xe3\xaa\x42\x41\x10\x62\xf6\xf9\xc9\x48\xde\x5c\xc9\xbd\x8a"
	"\x53\x54\xae\x17\x73\xf7\xc4\x01\xcc\xda\x1b\x81\x19\x3a\xba\x72"
	"\xb4\xe4\xb7\x34\xe4\x0f\xf1\x5f\x8b\xa9\xad\x2b\x0a\x12\xec\x41"
	"\x0f\x8f\xe6\x89\x69\x34\x20\xaf\xe7\x2e\xbe\x1e\x75\x08\xd4\x3c"
	"\x7c\xd5\x9f\x3b\x16\x9d\x64\xef\x02\x9b\xf3\x43\x05\x43\x83\xd2"
	"\x8d\x93\x8c\xdf\xae\x40\xf9\x7e\x3c\xd0\x54\xaa\x7c\xf9\x24\x61"
	"\xdf\x9e\x9b\x27\x6a\xfe\xea\x49\x78\x0d\xf2\xc0\x0a\x9c\xee\x98"
	"\x49\xca\xca\x61\x05\x3a\x5d\x67\x5d\x29\x8b\x51\x0a\xb9\x6a\x89"
	"\x48\x09\xe3\xf7\xcb\xdd\xc3\xed\xa3\x68\x43\xcf\xd9\x2f\xe0\xd1"
	"\x9c\xe1\x60\xdf\x6d\x0a\x9f\x9f\x25\xcb\x4a\x8b\x0c\x56\x22\x8a"
	"\xf2\x6c\x6e\x61\x85\xf2\x5c\x77\x48\xdc\x26\x92\xc2\x5e\x20\xb5"
	"\xc4\x88\x15\xc4\x12\xde\x88\x2d\xd5\x6d\x71\x7c\x20\x69\xaf\x37"
	"\x31\xcb\xf2\xca\x18\x0e\x0a\xc8\xc1\x1e\x17\xc5\x8d\xde\x77\xc1"
	"\x9e\xf0\x5f\x37\xdd\x92\x82\xac\xa0\xc8\xd1\xf2\x20\x2b\x77\xc8"
	"\x4e\xce\x8b\x2c\x24\x07\x7c\x63\xff\xba\x40\xbc\x9b\xd9\xc9\xb9"
	"\xef\x79\xbe\xed\x3b\x6e\x3a\x6f\xb2\x90\xc8\x27\xc9\x2e\x4b\x0b"
	"\x42\xb1\xae\x38\xdb\xa4\x76\xba\x45\xab\x0d\x83\xe9\xbe\x83\x1c"
	"\xa3\xd4\x41\xc4\x36\xcf\xcb\x92\x9c\x59\xbe\x02\x7f\xe5\x1d\xd4"
	"\xed\xf7\x1d\x4e\xb6\xc4\xb2\xf8\x04\x3d\x2a\xec\x75\xed\xb3\x98"
	"\xef\x4b\xf6\xbc\x59\xb6\xe3\x3b\xc1\x1e\x25\x36\xbf\x74\x02\x05"
	"\x4f\x66\x76\x32\x6f\x73\x6f\x91\xa8\xe4\x9b\xde\x22\x28\x03\x50"
	"\x91\x0f\xac\x25\x9e\x50\xdc\xf1\x48\xa7\xb6\xe6\xa6\x68\x5c\x26"
	"\x68\x99\x08\xf8\xc0\xb1\x16\x49\x98\x9d\xf6\x33\xda\x1a\x7d\xe3"
	"\x00\x8d\x9d\x48\xba\x47\xa9\x3e\xb1\x0e\x38\x85\x78\xa8\xac\xdf"
	"\x88\x38\xb0\x47\x21\x13\x74\x1c\x3a\x68\x69\x76\xb4\x4d\x0d\xe8"
	"\x30\xd3\x16\xd5\xa4\x57\xe1\xcf\xf6\x82\x1b\x0c\xff\x91\xe7\x96"
	"\x28\x28\x35\xc4\x32\xe7\x81\x5e\x94\xc9\x36\xc6\x39\x0a\x7d\x17"
	"\x6a\xb7\x99\x4f\x5d\xf4\xd3\x1e\xe3\x98\xda\x77\xa4\x04\xf1\x99"
	"\x91\x64\x25\xed\xcd\x9a\x04\xdd\x44\x31\xa2\xf6\xcd\xb8\xc0\x72"
	"\x6d\xdb\x4a\x26\xe0\x69\x3c\x8b\x98\x3e\x98\x49\x06\x9e\x78\xfa"
	"\xeb\x2e\x29\x63\x46\x5c\x13\x3b\x05\x17\x3e\xa9\x6e\x23\x2b\xd2"
	"\x19\xb1\x36\x31\x65\x05\xd9\x59\xa9\x59\xd1\x59\xac\xea\xfe\x89"
	"\x52\x88\x11\x11\x67\x85\x76\x62\x2a\xc9\xae\xfd\x2a\xc7\x29\xef"
	"\xd3\x94\xd9\x0a\xc7\x0c\xc5\x37\xe9\xb9\xfb\x29\x39\x3f\x09\x6c"
	"\x5a\xcf\x82\xce\xb7\x41\x61\xa9\x6f\x8c\x16\x53\x23\x6e\x28\xeb"
	"\xf8\x38\x51\x12\x79\xa3\x7b\x95\x16\x24\x41\x67\xc7\x28\xf3\x1a"
	"\x1d\x2b\xbd\xc8\x82\x00\x31\x2b\x99\x9f\x61\xf6\x4e\xae\xcd\x96"
	"\xf4\x09\x42\xe5\x61\xd8\xaa\x19\xa6\x37\x86\x46\xd3\x1c\x63\x50"
	"\xdd\xb7\xef\xb5\x94\x61\x94\xb8\xa8\x7c\x59\x70\x9e\x05\xdb\x7a"
	"\x92\x37\x0c\xe2\x85\x75\x2b\x2e\x8c\x96\x1f\x62\xa3\x2c\x30\x4e"
	"\x11\x25\x48\x8b\x39\xd2\x24\xda\x57\xa0\x60\x45\x7f\xce\x6e\xba"
	"\xb5\xa9\xe9\xae\xb9\xc6\x88\x75\x17\xe3\xbb\x3a\xc5\xb8\xc7\xf2"
	"\x81\xe5\xce\x2e\xb1\xe5\xd9\x17\x25\x65\xfd\xe8\xf6\x6a\xba\xab"
	"\x39\x25\xf0\x8a\x55\x4e\x67\x8e\xe3\xc6\x75\x5c\x9f\x08\x49\x32"
	"\xc7\xe9\x71\x26\x7c\x69\x59\xda\xfe\x15\x17\x59\xb7\x1b\x9b\x34"
	"\x57\x9b\xbf\xde\x84\x9c\xb3\xcc\xec\x2c\x06\xe5\x27\x50\x56\x54"
	"\xfb\x72\x6b\x67\x16\x63\x43\x40\x74\x88\xd7\x6a\x64\xc4\xa5\xd6"
	"\x5e\xd8\xdf\x00\xcc\x8b\xbf\x86\x77\x5c\x2b\xb5\x0e\x81\xf4\x2a"
	"\xda\x5c\xf0\xd4\xbe\x37\x5a\xa9\x40\x79\xd9\x3e\x20\x15\x98\x68"
	"\x70\x8e\x44\x1a\x84\x28\x1c\xfe\xd5\x47\x9e\x9e\x28\x0d\x72\xf4"
	"\x34\xd0\x9a\xe0\x3c\x0d\xad\xf6\x41\xa8\x51\xd4\xaf\x13\xc0\x34"
	"\xe5\x9b\x62\x80\x85\xae\x85\x54\x39\x37\x04\xaa\xd6\xfc\x62\x41"
	"\x07\xd6\x2a\x73\x7a\xe7\x35\xb1\x9d\xc0\xf2\x84\x50\xd6\xad\x4a"
	"\x57\xc7\xb5\xf6\x69\xc6\x76\x2e\x5a\x75\xda\xf3\xdd\x2b\x26\x94"
	"\x39\x51\xdb\x58\xa8\x66\x53\x66\x9d\x20\x80\xe4\xbc\x08\x85\xe8"
	"\x5b\x3b\x11\x49\x8d\x6e\xad\x7a\x20\x00\x4e\x2c\x93\x11\x68\x27"
	"\x31\x10\x5b\xf4\xff\x96\xf6\x6d\xcd\x8d\xe3\x48\xba\x7f\x45\x51"
	"\x4f\xdd\x11\xd3\x53\x22\x75\xdf\x8d\x7a\x80\x48\x4a\x62\x8b\x37"
	"\x13\xa4\x2c\xfb\x45\xe1\xb2\x55\x2e\x45\xdb\x96\x8f\x2c\x6f\x77"
	"\xcd\xaf\x3f\x99\x00\x49\x81\x24\x12\xd4\xc6\xc6\x5c\xca\x42\x7e"
	"\x04\x41\x20\x01\x24\x12\x79\x59\xe8\xd9\xed\xf8\x71\xc6\x88\x48"
	"\xe7\xd3\xf1\xe5\x05\xdd\x9e\xda\x66\x15\xe2\xf9\xf1\x64\xdb\xef"
	"\xe3\x90\x91\xef\xd9\x22\x83\x98\x00\x5e\x17\x20\xde\xe6\xb6\xd5"
	"\x5f\x25\x46\x10\x66\x29\xb5\xc6\x5b\x23\x66\x01\xdd\x8c\x86\x82"
	"\x26\x0c\xe6\x6d\xc6\x94\x1a\xc6\x06\x75\xb5\x98\x07\x53\xcb\x5c"
	"\x45\x3a\x65\xe3\xf1\x68\x36\x31\x82\x56\xe8\x84\x82\xe1\x02\x9b"
	"\x59\x7c\xab\x61\x2a\xf2\x38\x39\x2f\x0f\x1f\x1f\x3a\xd3\x17\x31"
	"\x5f\x9c\x90\x7c\x83\xb0\xf1\x26\x24\x5f\xc1\x24\x2e\xfd\x6c\x56"
	"\xcf\x03\x21\x5e\x1b\xc1\x9a\xfb\x5f\x3d\xd1\x05\x59\x0c\x62\x9d"
	"\xd7\x7b\xda\xbf\x63\x90\x38\x8c\x3c\xc7\x1d\xee\xf7\xbe\x7f\x9e"
	"\x7b\xf3\x60\x8d\x13\x77\xc7\xdd\xde\xeb\xc3\xaf\xd2\xc8\xf5\xe1"
	"\xe5\xe3\xd8\xfb\xbe\xef\xbd\xed\xf7\x4f\xfb\xa7\xff\x86\x4a\xf7"
	"\xb5\x9a\x56\xfb\x97\x77\x61\xf0\xfa\x8a\xe1\x56\x0f\x6f\x3f\x8e"
	"\xf5\xb9\x5c\xe0\x9a\x73\xb8\x28\x36\xd8\xab\xab\x28\x3c\xaa\xeb"
	"\x25\x8d\x5a\x5d\x2c\x63\x0b\x36\x6f\xac\x74\x05\x71\x01\x9b\x35"
	"\x2c\x70\x7a\xa2\xcf\xd1\x88\x5a\x4f\x83\xbf\x59\xa6\x27\x71\xd7"
	"\x4d\xfb\x33\x9a\x36\x1a\xe9\x69\x7f\xe6\x61\xc2\x57\x31\x51\x2b"
	"\x0b\x58\xee\x32\x3d\x2d\x8e\x3c\x21\x46\xeb\xa9\x6b\x96\x86\xc4"
	"\x83\x65\x6c\x4a\xe8\x22\x67\x4e\x0d\x86\x17\xc1\xe7\xce\xc7\x36"
	"\xa1\x85\x97\x36\xef\xfa\x8d\xd0\x7f\x7d\x78\x3e\xbc\x3d\x2b\x31"
	"\x16\xeb\xf3\xd7\x75\xa8\x7c\x34\x82\x8c\xc7\x09\xea\x70\x0d\x00"
	"\x3f\xa1\xb3\x04\x88\xe7\xb3\x7c\x40\x13\xc5\xa4\x75\x09\x3b\x6b"
	"\xb1\xa1\xdc\x3a\x03\x13\xd1\x26\x89\xe8\x09\xee\xbb\x1e\x33\x2e"
	"\x80\x93\x71\x5f\xdb\x67\xb8\xa5\x53\xcb\x83\x74\x8c\xd0\x3e\x56"
	"\xdf\x44\x89\xe7\xbd\xd0\x1f\xd3\xcd\x06\xaa\x3d\x26\xa9\xcc\xcd"
	"\x33\xc2\xb6\x5b\x36\x6d\xc3\xbd\xa5\x61\x2b\x5c\xc6\x19\x79\x70"
	"\x17\x08\xc3\xe2\x5a\xf2\xa9\x73\x37\x71\xc6\x03\x03\x4c\x24\xf9"
	"\xa3\xbb\xdd\x15\xc7\x5e\x7a\xcf\xc9\x5c\x9f\x56\x3c\x89\x4e\x40"
	"\xe5\xa2\x26\x58\x61\xfd\x4b\x28\xf9\x2b\x4b\x19\xc8\x42\x1b\x7f"
	"\x9e\x36\xd3\x2d\x88\xd6\xc5\xb7\x2c\x4d\xfd\x98\xee\xa2\x66\x80"
	"\xcc\xc6\xd6\x8c\x39\xea\xc5\x16\xb4\xf0\xb7\x59\x6e\x98\x18\x3e"
	"\x47\xa7\x32\x22\x2c\x01\x02\xee\xe0\x69\x7a\xa8\xbd\x7b\xd1\x59"
	"\x5b\x9a\x93\x40\x28\xc2\x7f\xed\x91\xb5\xa5\xa5\xa3\x15\x07\x69"
	"\x0d\xfe\x18\x8c\xfa\x83\x4e\xd0\x70\x4c\x18\x0c\x89\x0e\x87\x53"
	"\xa1\x74\x90\x37\x77\x91\xb3\x62\x31\x5f\x7b\x77\xda\x09\x94\xfc"
	"\xfc\xf5\x71\x78\x7c\x78\xe9\x05\x0f\xbf\x40\x88\x6a\x29\xb1\xc5"
	"\x16\xbc\x52\xce\xa9\x51\x9c\x48\xa1\xc9\xf1\xfc\x4d\x73\x30\x85"
	"\xa5\xf3\x66\x9e\x73\xe3\x1a\x30\x20\x4c\xaa\xc4\x9a\x1a\x68\x1d"
	"\x92\x44\xe5\xcc\x5d\x7a\x2d\x01\x58\x96\x76\xec\x9d\x2a\x08\xdd"
	"\xcc\xb5\x87\x61\x05\x88\x9f\xb0\x13\x77\x01\xa3\x7e\x5f\x43\x2f"
	"\x37\x89\x28\x0f\x77\xf3\x7c\xb1\x40\x3f\x31\x5b\x79\x65\xe9\xcb"
	"\x85\xa9\x39\xe2\x40\x2f\x18\x25\xfb\xd3\xe1\xfd\xe7\xfe\x04\x7d"
	"\x7f\x91\x62\x9b\x4b\x57\x29\x0f\xe6\x2e\xbd\x62\x2f\x53\x23\xb9"
	"\x94\xe3\x68\x09\x6b\xcb\xec\x09\xcd\xf7\xe1\xc6\x58\x3d\x92\x07"
	"\x06\x39\x33\x4a\xf0\x71\xe1\x68\x4c\xd7\x81\x0d\xa4\xe7\xd5\x1c"
	"\x9e\x37\x35\x01\xe4\x00\xdb\x9e\xd8\x5d\xa3\x2f\x73\x7e\xd2\x7b"
	"\x1b\x3a\xf6\x35\x85\xdd\xda\x74\x9b\xa3\x8b\x56\xcc\xe1\xa4\x54"
	"\x97\x2b\x16\x28\xc0\xd6\x8b\x4a\x0e\x68\x96\x7a\xb8\x54\x37\x9f"
	"\xd6\x41\x17\xbb\x14\x8e\xaa\xbc\x59\x18\xa2\x13\xf3\x45\x8c\xac"
	"\xd3\xb2\xf5\x6e\xc1\x78\x16\x7a\x19\x6b\xd2\x16\xed\x9a\x6a\xce"
	"\xa7\xb2\xac\x76\xdd\x55\x7e\x99\xd3\x2a\x92\xf6\xfe\xa9\xd3\x3c"
	"\x31\xe3\x9f\xcd\x17\x95\xa5\xbb\xdc\xdb\x78\x51\x46\x10\x75\x3d"
	"\x50\x11\x65\xe7\xd6\x97\xb4\x92\x16\xcf\x0d\x2b\x76\x85\x8a\x0c"
	"\xe7\x8b\x0a\xe4\x5d\x09\xc2\x18\xe0\xdc\xcb\x08\x2e\xa9\x90\xe5"
	"\xf0\x11\xf5\x78\x61\x57\x05\x8d\xa1\xd6\xd7\x33\x07\x61\xb1\xb3"
	"\xa2\x3a\x5f\xe8\x2b\x5a\xec\x02\x8c\xa7\xd0\x55\x57\x9b\x93\x14"
	"\x52\x8b\x57\x54\x9a\xc2\x34\x54\x0b\x72\xe6\x58\xdd\x43\x20\x71"
	"\xa6\xe8\xfb\x6d\xb8\xdd\xfd\x5d\xed\xf9\xa0\x10\x1b\x1a\xac\xe6"
	"\x0b\x36\xce\x35\xed\xd0\x9c\x64\x4b\x95\xe3\x5d\x52\x4f\x38\x20"
	"\x0a\x76\x99\x93\xe8\x59\x52\x92\x73\x87\x70\x73\x2c\x9e\x16\x99"
	"\xcd\xea\x81\xac\xab\xcd\x27\xfb\xf5\xbe\xff\xc3\x91\x19\x42\xde"
	"\x5f\xf6\xff\xec\x4f\x5f\xdd\xbd\xf2\xab\xc7\xff\x3e\x9c\x1f\x7f"
	"\xea\x94\x6d\xb2\xf6\x10\xc3\x22\xfb\x03\x14\x64\xfa\xa3\xba\x3b"
	"\x42\xf3\x25\xec\xe5\xbc\x3f\xbd\x3d\x9c\xf7\xbd\xf0\xf8\xa4\x8d"
	"\x83\x22\xab\xc4\xd0\xea\x41\xd6\x54\x24\xa8\x3b\x59\x8c\xd6\x05"
	"\xc2\x45\xaa\x39\x1a\x20\x9e\xee\xc8\x2b\x90\x52\xae\xd8\x91\x82"
	"\xc9\xad\x2e\x01\x70\x18\x2a\xec\x9c\xdc\xa6\xdc\xbb\x81\xc3\x82"
	"\xa6\x50\xda\x3d\x28\x5e\x49\xa1\xb3\x9b\x63\x2a\x71\x4d\x51\xe9"
	"\x37\x3f\x50\xc4\x05\x4c\xa2\x00\x5c\x4a\x79\x4b\xc1\xa3\x44\x8c"
	"\x78\x24\x39\xe9\x5d\x92\xd5\xee\x8a\x2e\xa5\x74\x88\xa3\x4b\x7b"
	"\xe0\xd5\x41\x7c\xc9\x96\x20\x72\x3a\xc8\xb4\x0e\x57\x28\xd8\xb0"
	"\x1a\x2a\x53\x1a\x2e\x3b\xd8\x5d\x17\xef\xff\x2c\x69\x36\x13\xce"
	"\xe8\xf0\x8f\x4f\x7e\x37\x77\x57\x26\x6a\x42\xd3\xdc\x5b\x92\xb4"
	"\xc9\x81\x67\xfb\x24\x39\xe7\x2b\xc7\x40\x74\x57\xfe\x18\x18\xb1"
	"\x4f\x0d\xc7\x0d\xb4\xb8\x3e\xee\xd0\x11\xf5\xa4\x3a\x21\xcf\x7c"
	"\x47\xa7\xc0\x41\x75\x31\x6a\x4f\x95\xc0\x14\xa8\x4b\x15\xa1\x4b"
	"\xd4\x2a\x2e\xa5\x3b\xfa\xe6\x52\x80\xe6\x29\x9e\x79\x22\x3c\x45"
	"\xae\x6e\xf1\x24\x10\x2d\xbd\xb6\x09\x0d\xde\x1e\x6b\xa6\xa5\xac"
	"\xc1\x09\xc7\x03\xc2\x2c\xf2\x02\x18\x19\x00\x4e\xda\xef\x5b\x43"
	"\xcb\x1a\xd2\x10\x91\xd9\xb0\x6f\xa4\x53\x8e\x5c\x15\x7d\x46\xc5"
	"\xd1\x41\x40\xe2\xb0\xd9\x68\x60\xa8\x81\x8c\x6c\x22\xeb\xc7\x44"
	"\xa1\x43\x33\x7d\x64\x6a\x1f\xa6\xdf\xb6\x3a\xe8\x03\x33\x7d\x6c"
	"\xac\x7f\x4a\xe5\x5d\x2d\xe9\x94\xa3\xc7\xa5\x7b\x46\x1d\xfd\x37"
	"\x1e\x18\x00\x2e\xec\xc9\xf6\x90\xf7\x09\x43\x48\x59\x09\x11\x45"
	"\x47\x10\xab\xfc\x57\x06\x4e\x73\xed\x69\xdf\xd4\x0b\xd9\x60\x34"
	"\x33\xf4\x62\xe6\x30\xcc\xe6\x65\x00\x04\xce\x68\x46\xd9\x71\x57"
	"\x8c\x3a\xfa\x87\xa6\xfb\x7c\x60\x2d\x82\x81\x35\xdb\x76\x62\x1a"
	"\x36\x98\x8d\x89\x28\xd4\xc8\xdf\x5f\x0e\x6f\x7f\xfd\x66\xfd\x2e"
	"\x76\xd3\x74\x39\xef\x15\x66\x1e\x9f\x6f\x98\x15\x43\x63\x7c\xd6"
	"\xfb\xed\x72\xed\xf9\x7b\x7b\x2a\xa3\xc6\xc0\x30\x04\x32\x49\x2e"
	"\x4d\x0f\x83\x6d\x4a\x28\xbb\x04\x1d\xf3\x57\x5e\x31\xc0\xbb\x52"
	"\x15\xa4\xfd\xfc\xec\x74\x78\x7e\xae\xa9\x20\xd4\xfb\xa4\xe6\xd2"
	"\x58\x5e\x33\xb5\x02\xd9\xd4\xa8\x31\x2c\x80\xab\x38\x33\x0c\x7c"
	"\x01\x5c\x79\xb0\x0b\xcf\x3d\x76\x05\xb4\x8a\x52\xd4\x0d\x75\x88"
	"\x24\x55\x35\x10\x73\x32\x7f\xe3\x67\x77\xdd\x48\xf3\x52\x55\xa2"
	"\xca\x7b\xc3\xfa\x80\x8a\x6e\x3e\xbc\x9f\x1f\xbe\xbf\xec\x3f\x7a"
	"\x67\xd9\xd7\x17\x96\x8a\xf6\xe7\x1f\x07\x14\xd7\x7a\x8f\x22\xd5"
	"\x48\xef\x37\x1c\x92\xf3\xc3\xe9\x79\x7f\x6e\xf3\x53\xd5\xf9\x29"
	"\x8b\x38\x06\x4a\xbc\xa2\x2b\x5a\xf9\xc2\xf4\xb8\x84\x45\x84\x1d"
	"\x57\x0d\x06\x27\x7f\x2a\x0b\x0f\x1c\x46\x60\xd7\xf3\xe7\x70\xe8"
	"\x27\x3a\xd5\x87\xff\x8f\xfc\x39\x8b\x74\x27\x7e\x0f\x16\xb4\xf6"
	"\xcd\x70\x9a\x39\xa8\x07\xa8\x17\x94\xdb\xb3\x52\xb4\x72\xb2\x18"
	"\x66\x93\xb6\xb0\x8c\x41\xf6\xe5\x74\x7e\xec\x2b\x01\x07\x10\x02"
	"\xe4\x2c\x26\xc4\x0f\xa4\x93\x59\x69\x81\x16\x6d\x40\xb2\x28\xe5"
	"\x38\x28\xe8\x1d\xca\x90\xb2\xca\x5c\x42\x20\x9c\x42\x16\xf8\xa6"
	"\x45\xa3\x7d\xa2\x1c\x03\x2e\x69\x8a\x1b\xd1\xa5\xd4\xf2\x5d\xee"
	"\x7b\xbb\x66\x9c\xa9\x7a\xab\xd3\x4d\x4b\x82\xad\xae\xf4\xb1\xa5"
	"\x1a\xd9\xa3\x7c\x8e\xcd\xe7\xa3\x7b\x8f\x30\xb2\xb8\x80\xb6\xd3"
	"\xfe\xd6\x08\x71\x79\x33\x52\xa0\x16\x42\xd8\xd8\x2b\x90\x31\x95"
	"\xa7\xb5\x80\xac\xee\xc2\xe9\x68\x6c\x6e\x6f\xc8\xb6\xe3\x19\x95"
	"\xc5\xb3\xc0\xa4\x7c\xe4\x0c\x3a\xde\xe5\xf3\xc0\xb2\x89\x44\x22"
	"\x75\x8c\x7d\x4d\x45\xc4\x35\x48\x09\xda\x02\x64\x64\x44\x24\xce"
	"\x82\x74\xe7\xa9\x61\xfa\xe3\x2b\x40\x83\x6b\x40\xd7\x60\xa6\x1d"
	"\xa3\x31\xb4\xb2\xa9\x79\x30\xe6\x37\x03\x7b\x6d\x44\x70\x10\x60"
	"\x67\x44\x24\xbe\x12\xb3\x08\x49\xaf\xed\x6a\xd4\x81\x91\xad\x4e"
	"\xc8\x88\x70\xb0\x55\x6b\xb1\xcd\x43\xe5\x85\x83\xbe\x6d\x9e\x0f"
	"\x29\x66\x7e\x1d\xb4\xa3\x41\xc1\xa9\xab\x63\xd2\x62\x8f\xce\xba"
	"\x3b\x7d\x36\xec\x9e\xb2\x76\x37\x64\xd4\x09\x19\x0e\xba\x21\xdd"
	"\x6b\xc3\xac\xdf\x3d\xa9\x2d\xf3\x14\x4a\x67\x54\xd4\x8e\xcb\xd0"
	"\x0d\xbb\x47\x77\x6c\x59\x57\x2c\x1e\xc3\xe9\x15\x8b\x90\xdd\x35"
	"\x7d\x6c\xab\x63\x42\x87\x4e\x32\x99\x8d\x88\x4d\x49\x13\x04\x05"
	"\xf9\x07\x13\x1a\x5e\xb1\xf8\xbb\x7c\x60\x0f\xae\x69\x61\x17\x23"
	"\x03\x1f\xcd\x9c\xb6\x92\x2a\x79\x79\x38\x83\x9c\xfd\xda\xdd\x0e"
	"\xcb\x9e\x8e\xbb\x18\x84\x8a\xd4\xad\x42\x46\x9d\x9c\x38\x9e\x8e"
	"\x76\x0b\x16\xfa\xc1\x5d\x17\x72\x32\xec\x9a\x1c\xf6\xb0\x6f\x9e"
	"\x62\x3c\x5b\x5b\x93\x8c\x75\x30\xca\x70\x9a\x75\x7c\x3d\x42\x06"
	"\xa3\x4e\x08\x95\x2a\xbb\x84\xf0\x70\x6c\x77\x7c\xd4\xfc\x66\x38"
	"\xed\x60\xda\x34\x19\x39\x1d\xb3\x0c\x19\xc2\x3c\x83\xee\xef\xa2"
	"\x9b\x30\x69\x71\xcc\xf1\xed\x0f\x94\xe6\x3b\xf8\x25\x09\xfa\x1d"
	"\xeb\x3c\x22\xcc\x4d\x5c\x64\xf0\x57\xd7\x5e\xc0\xa3\x0d\x27\x66"
	"\x9e\xe8\xd0\x76\xea\xf2\x8a\x32\x19\x77\xc8\x04\xe9\x64\xa0\x8b"
	"\x33\x09\x87\x4d\x99\xaf\xb3\xab\x13\x14\x73\x52\x3c\x9d\xe9\xe2"
	"\xac\x87\xac\x30\x8e\xac\xf9\xd1\x54\xa5\x6d\x71\x57\xa6\x4c\x08"
	"\x59\x3b\xc6\x39\xe3\x77\x91\xb3\xcb\xb6\x3b\x2f\x12\xc1\xe3\x51"
	"\xd5\x25\x12\x46\x94\xea\xe2\x4b\xed\x00\x59\xd6\x62\xa1\x63\x59"
	"\x99\xf8\xa1\x78\x8e\xd7\xa9\x71\xcd\x2e\x1b\xed\xaf\x52\x06\xec"
	"\xba\xa4\x92\xf2\xb2\x70\xce\x70\x8c\xa9\x34\x92\xb7\x3b\xb6\xf5"
	"\xb1\x66\xbd\xa8\x2f\x22\x0f\x52\x75\xe3\x25\x42\x80\x46\x1d\x8c"
	"\x48\x66\x19\x82\xa8\x86\xa7\x6c\xfd\xf0\x26\x01\x66\x25\xa3\x2a"
	"\x97\x77\xa4\x5d\x64\x39\x39\x9a\xa8\x66\x66\x63\xe7\xc6\x0d\x59"
	"\x2b\x4c\x19\x27\x9e\xc2\x48\x5e\x18\xbe\x8d\x25\x8d\xa7\x6e\x9c"
	"\x18\x53\x19\xe0\x30\x84\xcb\x50\x7f\xc6\xbc\x60\xa8\xfe\x6e\xf6"
	"\x75\xc5\x49\xce\xcb\x61\xff\x76\xae\x71\x70\xc5\x4b\x64\x7d\x21"
	"\xd3\x9e\x67\xa0\x7c\x9e\x2f\xda\x76\xbc\xa2\x3e\x34\x3b\xa8\x71"
	"\x51\xbe\x35\x9a\xd4\x10\x87\xfc\xcd\x82\x22\x00\x07\xeb\xb2\x36"
	"\x2b\x64\x35\xa8\x7d\x91\x75\x33\xf4\xa2\x46\x7e\x6d\x51\x3c\xc7"
	"\x90\xb1\x84\x2e\xa8\x80\x88\xb0\xc3\x26\x40\x18\xd6\x5b\x5a\x58"
	"\x3d\x3f\x9e\x8e\x1f\xc7\x1f\xe7\xde\xea\xd7\xfb\xfe\xf4\xc7\xa6"
	"\xf7\xfc\xb9\xff\x38\xb7\x0d\xc7\x79\xc6\x96\x32\xa6\xfe\x85\x75"
	"\x53\x9f\x87\x36\x5e\xe7\x68\x5f\x0b\x3c\x00\xac\x47\xac\x69\x01"
	"\x1c\xdb\x29\xd2\x74\x62\x0f\xe6\xfa\x9b\xa1\x74\x3a\xb1\xec\x9c"
	"\x20\x59\xd3\x69\x3d\x8b\xb6\x3c\xd4\xc2\x57\x7f\x9c\x0b\x0b\xc0"
	"\x6a\x79\x94\xa9\x5a\x1f\x1f\xf7\x2f\xfb\xd3\xf1\x75\xdf\x4c\x97"
	"\xcd\x80\x15\xac\xb1\x4d\x98\x04\x15\xd4\x61\xdb\x74\x8e\xbd\x3d"
	"\xbc\x1c\x9f\x45\xe2\xe3\xc3\xf3\xe1\xfc\xf0\x82\x8a\x1b\x78\x65"
	"\xbb\xfe\xc9\x98\x88\xc1\x0e\xa4\x09\x71\xfc\x01\xd2\xd4\x22\x9f"
	"\xb2\x08\x93\x0d\x20\xd9\x53\xb2\xa9\x65\x3b\xbf\x1f\xfe\x78\x3a"
	"\x9c\xf6\x8f\x67\x91\x47\x9a\x68\x74\x36\x69\x84\x84\x2a\xd2\x5b"
	"\xbf\x3f\x3c\x42\x25\x6f\x8f\xfb\xab\xbe\xdc\x1a\x91\x9f\x67\x8d"
	"\xc8\x6f\x98\x0c\xdb\x6f\x76\x45\x8b\xe1\x1f\xf9\x46\xfe\xeb\xed"
	"\xfc\x73\xff\x71\x68\xbc\x70\x36\x1d\x50\xb5\x02\x69\xd8\x36\x49"
	"\xde\x9f\xff\x3e\x9e\xfe\x12\x3d\xf4\xeb\x3f\xfb\xd3\xbf\x7a\xfe"
	"\xeb\xfb\xfe\x49\x7c\x9f\x43\x7c\xd4\x68\x36\x68\x1f\xcd\x18\xf4"
	"\xe6\xff\xec\x7b\xfb\xb7\xfd\xe9\xf9\x57\x4f\x70\x19\x72\xa1\xef"
	"\xd4\x9f\xf5\x26\xd3\x51\xbb\x15\xe9\xfe\xe3\xf8\x82\x9a\xe7\x2b"
	"\xba\xd4\xe6\x33\xaa\x4b\x6d\x90\x95\xad\xf6\xe8\xf3\xf7\xfd\xc3"
	"\x5f\x9f\xef\x58\x23\xbc\x66\xdf\xfb\x78\xdf\xef\x1f\x7f\xd6\x62"
	"\x20\xca\x09\xbf\x6b\x79\xeb\x16\xdc\xf3\x74\x3a\x1e\x9e\xd4\x0d"
	"\x7f\x25\xf5\x5d\xe5\x9a\x2c\x6c\xbb\xd6\xe8\xe8\x7e\x29\x84\xa3"
	"\x47\x1a\xa3\x97\x26\xea\xaa\x58\xc0\x44\xe2\xed\xcd\x85\xde\x70"
	"\xf7\x44\xbf\x31\x54\xc1\x79\x21\x6a\x82\xf5\x1e\x8d\x88\x71\x58"
	"\xba\xf1\xe2\x3c\xeb\x40\xad\xf2\x68\xdd\x01\x11\x69\xaf\x09\x00"
	"\x6e\x89\xa2\x45\x9e\xd3\x02\xd5\x21\xf5\x80\x98\xc2\xfb\x2d\x0e"
	"\x5c\xd4\x8f\xb2\xd0\xdb\xe5\x11\xfe\x59\xae\xa7\x6a\x8c\x53\x44"
	"\x92\xa6\x83\x48\xa4\x83\x9d\x23\x35\x26\xa2\x32\x15\x03\x39\x8f"
	"\x29\xdf\x7e\x90\x9f\x76\x20\x3b\x4d\xec\xa1\x5e\x3e\x5a\xf2\x1d"
	"\xc6\xde\x9c\xc7\x84\xce\x3e\x8f\x7c\x18\x26\x9e\x10\x6e\xe1\x45"
	"\x32\x1d\x27\x58\xef\xb6\x41\x84\x21\xfd\xd7\xb7\xf7\x29\x99\x63"
	"\x25\x5b\xe8\xdf\x72\xeb\x07\x8e\xd5\xef\xf7\xc5\xfd\x7c\x07\x82"
	"\xba\x89\x8e\x89\xce\x5d\xf3\x09\x25\xdb\x2f\x53\xef\x8e\x32\x54"
	"\x48\xfc\xa1\x66\xda\x2f\x1f\x3e\xfe\xda\x9f\x75\xe6\xe6\x20\xaf"
	"\xa1\xa4\x89\xa9\x75\x88\xf8\x0f\x4b\x60\x94\x85\x4f\x5c\x21\x3b"
	"\xab\x14\xf6\xd4\x2a\x49\x88\x4e\xac\x80\xbe\x15\x29\xe3\xe3\x78"
	"\x9d\x2b\x81\x59\x57\x6c\xe3\x89\x01\x48\x52\x0f\x86\x49\x11\xb6"
	"\x2f\x83\x53\x45\x45\x95\xa1\xc3\x9d\x97\xe3\xe3\x5f\x32\x77\x0e"
	"\xae\x86\xea\x67\x28\x03\x8a\xd2\x0d\xc3\xa4\x3b\xfa\x06\x07\x42"
	"\xc2\x5c\x77\xb1\x05\x86\x31\x19\x12\x57\x95\x0a\x8c\xfb\x23\x2a"
	"\x92\x49\x1d\x45\xdc\x6d\xd7\x41\xc3\x6b\x40\x44\xb8\x1e\x05\xe4"
	"\xb8\x8e\x37\x21\xf6\xf2\x06\x6c\x66\x77\x7e\xa2\xc3\x31\x62\xfe"
	"\x8e\x08\x1f\x8f\x88\x9b\x38\xf5\x6f\x74\x23\xaf\xcc\x32\x0c\x8b"
	"\xa1\x2e\xa4\x0a\x8d\xba\xf4\x55\xc7\xd4\xe9\x6c\xa6\x21\x2e\x79"
	"\x03\x55\x1f\x55\xc9\x45\x82\xb3\x94\x7b\xd5\x70\xff\x74\x78\xc8"
	"\xf6\x7f\x61\xb8\xfa\xcb\x8e\xa2\x56\xa4\x89\xb4\x5e\x7b\x8f\x3d"
	"\x21\xe2\xae\x34\x5a\x43\xc4\xe3\x69\x7e\x99\x75\x15\xea\xaa\x5e"
	"\x9a\x5c\x55\xd7\x64\x66\x1e\xd1\x2a\x78\x3b\x55\x01\x61\x4f\x5c"
	"\x43\x91\x2a\x86\x1a\xaa\x19\xd8\x9b\x78\x23\x15\x32\xbd\x81\xba"
	"\xae\xae\xe9\x35\x5d\x39\x9d\x5d\x51\xd7\x1a\x9d\xa9\x6e\x76\xab"
	"\x38\x49\x60\xcf\xd3\x3b\xcd\xde\xc2\xf6\x10\xa1\xb1\x15\xc1\x99"
	"\xfc\xf8\x79\x7a\xdc\xb7\x6d\xef\xc5\xa5\xb6\xd4\x3d\xd4\x4a\x92"
	"\x34\x9e\xab\x2b\x6a\xb0\xe6\xa9\x23\x8e\x5b\x8a\xe4\x23\xd3\x03"
	"\xae\x9a\xe9\x69\xea\xe5\x3b\x6f\x93\x61\x3c\x1c\x35\x2c\x7a\x03"
	"\x11\xc7\xc1\x0e\x23\x97\xb3\xb4\x9e\x07\x47\xe8\x28\xd2\x94\x65"
	"\x39\xc0\xfb\xfd\xe9\x68\x3a\x52\xdd\xdb\xb9\x1f\x60\xb4\x97\x0a"
	"\x62\x8d\xad\xbe\xf8\x4f\xed\x45\xe3\x61\x05\x80\x0a\x66\x76\x8d"
	"\xe3\x58\x5a\x24\xa8\x81\xed\x75\x5a\x57\x64\x2a\xd2\x4e\xe3\xfb"
	"\x42\xe6\x07\xf3\x78\xdb\xac\x27\x5c\xe5\x84\x36\x44\x6e\x6d\x06"
	"\xc0\xc0\xee\xef\x42\xa8\x52\x2f\xef\x16\xaa\x20\x8a\x5e\x34\x87"
	"\x34\xe0\x83\x0f\x70\x42\xf7\x46\x54\xa0\x8a\xa5\x61\x98\xd7\x33"
	"\xe5\xc8\xa2\xcb\x85\xb4\xdc\xf8\x51\xd2\x3f\x3c\xf6\x04\xb1\x97"
	"\x3c\x3c\xef\xc5\xc5\x7e\x8f\x37\x0f\xd3\xf2\x69\x38\x93\x27\xcb"
	"\x0c\xd5\x63\x75\xa1\xb7\x4e\xdb\x05\x09\xd3\x69\xeb\x5a\x38\xe8"
	"\xd7\xcd\x84\x1b\xab\x92\x10\x90\x60\x83\x85\x41\xce\x6c\x3c\x84"
	"\xb6\xca\x06\x64\xe5\x10\xcd\x38\xcf\x40\x40\xc9\x97\x2b\x43\x6b"
	"\x37\x8a\x29\x7c\xbc\x90\xc5\xcd\x5e\x6d\x28\x9c\x90\x5f\x38\x76"
	"\xa8\x76\xc0\x0b\xe2\x6e\x33\x30\x08\xed\x8d\xa7\x9b\xb4\xdd\xc6"
	"\x6e\x8a\xec\x58\x5a\x76\x80\xb7\xcd\xbe\x0d\x86\xe5\xa9\xec\xf5"
	"\x78\xde\xbf\x9f\x8e\x8f\x5a\x5d\xab\x87\x21\x04\xf0\xce\xbe\x7d"
	"\x9c\x7b\x7f\xfd\x78\x6e\xaf\x29\x69\x12\xf2\x9a\x52\x45\x14\xa0"
	"\xda\x53\x67\x98\x2c\x89\x0d\x03\x46\x59\x28\x54\x6e\x4b\xe1\x83"
	"\x94\x12\x66\xca\x12\x28\xb5\x41\xed\x03\x21\xb4\xf9\x37\xfe\xeb"
	"\xe3\xbc\x7f\xed\xc5\x20\xfd\xfd\x3c\xbc\xff\x8e\xa7\xc2\xc7\xc3"
	"\x0f\xe0\x68\xb7\xa1\x38\x79\x7d\x39\x3e\x43\x31\xa6\x97\x69\xe8"
	"\x54\xe6\xa7\xe3\xc3\xd3\xe3\xf1\xb5\x41\xbb\x9c\x46\x30\xac\x7a"
	"\xea\x84\x3c\x9b\xb7\x0f\xde\xdb\xe4\xeb\x25\x37\xcd\xcd\xf1\x04"
	"\x82\x8e\xe6\x15\x87\x7f\x87\x5b\x5d\xb9\x2a\x46\xb4\x7b\x5a\x8c"
	"\x6b\xb4\x48\x99\xb3\x58\x36\xb5\xa0\x98\xe7\x33\x75\x08\x16\x49"
	"\xd0\x9f\xff\x36\x65\x8d\x3c\x07\xdc\x49\xa4\x49\x49\x3d\xab\x83"
	"\x28\x45\x3b\xcf\x68\x99\x93\x47\x44\x75\x25\xc1\x82\xfa\x72\x83"
	"\x25\x41\xd2\xc8\x8c\x91\x84\x37\x31\xaf\xee\xec\xf6\x8f\x9f\xa7"
	"\xc3\xf9\x57\xfd\xeb\x40\xf0\x67\x89\xa3\x1e\xc1\xf1\x77\x61\x74"
	"\xdc\x2a\x16\x7b\xca\xa6\xb6\xc2\xd7\x28\x44\x92\x5f\x09\x09\x43"
	"\x96\x18\x7c\xbc\x0a\x14\xbf\x4d\x0c\xb9\x24\xca\xaa\x1a\x79\x69"
	"\x8a\x2f\x09\x93\xbc\x35\x4a\xa2\x14\x1d\x44\xa9\x97\x22\x99\x14"
	"\xa7\x14\x7a\xf3\x7d\xc0\x94\x85\xa2\x42\x74\xef\xcd\xe7\xc3\x0b"
	"\xb0\xb0\x91\x87\xeb\xc1\x7f\x04\x75\x7b\x78\x39\xbc\xfd\x43\x3d"
	"\x54\xe8\xea\x37\x8e\x6e\x29\x4a\x84\x22\x04\x45\x97\x2a\x11\xb5"
	"\xfc\xd9\x5b\x1e\xa1\xa2\xb7\xa3\xca\xc9\x05\x09\xce\x8a\x9b\x32"
	"\xc6\x5f\x1c\xb9\x5e\xc8\x22\xb7\x31\x9a\x15\x2c\xf1\x52\xdc\x56"
	"\xd1\xf1\x93\xea\xbb\x0b\x16\x1d\x64\x39\x1c\x18\x3b\x91\x68\x60"
	"\x08\xa7\xfe\x6b\xea\x84\xcd\xc1\xdf\xb4\x1d\xef\xca\xaf\xd4\xd9"
	"\xb2\x67\x78\xd6\xe1\x9d\x99\x4b\xe4\xdc\x2d\xf3\xfd\xc0\xf9\x96"
	"\xdc\xd9\x1a\xe8\xc9\xe4\x7f\x81\xc6\x14\x49\x26\xf4\x65\x00\x77"
	"\xc2\xb1\x4a\x67\xc2\xb6\xcd\x1c\xa1\x1b\x12\x5f\xe9\xfd\x73\x7e"
	"\x84\x53\x76\x11\x8e\x41\xf3\xfd\x12\xbe\x63\xae\x23\xd2\x0a\x6a"
	"\xdf\x5a\x60\x48\x0b\xc4\x82\x8e\x11\x2a\x06\xa3\x91\x09\x92\x66"
	"\xd3\xd9\x64\xc0\x4c\x10\x1e\x8e\x46\xc4\x55\x6f\x81\x28\x5d\x4e"
	"\xb5\xb7\x50\x61\x9c\xde\x35\xb7\xf5\x24\xb0\x26\xf6\x2e\x4c\x42"
	"\x6a\xed\xe5\x22\xad\xa4\x62\xab\x5f\xdc\x65\x85\x84\x4b\x40\x49"
	"\x77\x53\xa6\xad\x53\xe8\x41\xc4\x8a\xeb\x34\x57\x17\x4f\x9f\x5a"
	"\xbb\xac\xd1\x53\x13\x5c\xfa\xaa\x68\xef\xe3\xfd\x8c\x70\x3a\xad"
	"\xc9\x5e\x55\xe9\xce\xd1\xdf\x74\x28\x08\xf4\x05\x88\x23\x9e\xeb"
	"\xd3\x3c\x22\x70\x8d\x1a\x23\x84\x37\xdf\x51\x3a\x34\x91\xaf\x28"
	"\x6c\x33\x49\x3a\x2f\x43\xe2\x98\x10\x9a\x4a\xae\xbc\x41\xb1\x4c"
	"\x37\x28\xfd\x19\x41\xdd\x06\x83\xe1\x88\x8c\x5f\x5c\xd2\x29\x35"
	"\xdf\x3c\x64\x16\x71\x85\x02\x24\xdb\xa6\x48\x8e\x35\xea\x0b\x43"
	"\x55\xbd\xed\xa4\xcb\x6c\xa2\x56\x97\x0d\xa8\xc4\xe6\x21\x4b\x5d"
	"\x42\x3b\x24\x69\x33\x9a\x46\x68\x24\xc5\xb0\xa7\x31\x7a\x3f\xca"
	"\xd6\x9a\x9c\xef\xc4\x00\x66\x05\x6e\x80\xca\x47\xbd\x02\x74\xcb"
	"\xdd\x19\x41\x71\xfe\x5c\xc3\x41\x91\x90\xaf\x9d\x81\x3d\xa0\x9c"
	"\x77\xd8\x64\x38\xa2\x47\xb1\xa4\xd3\x6e\x43\x6c\x32\x1e\x93\x75"
	"\x4f\x87\xc4\x5d\x11\xd0\x66\x23\x42\x4d\x28\x69\xc4\xa7\x6c\x9d"
	"\x61\x9f\xb0\x5e\x03\xda\xd8\x26\x56\x50\xee\xb0\x01\x99\x8d\x21"
	"\x5b\x4f\x07\x54\x48\x60\xa0\xcd\xd9\xe8\xff\x74\x89\x68\x8f\xc9"
	"\xeb\x40\x7b\x66\xd1\xa4\x29\x45\x1a\x4e\xe8\x5b\x49\xfa\x5d\x13"
	"\xfa\x5d\x93\xd9\x80\xbc\xcb\x9c\x4e\x28\xd2\xcc\x26\x9f\x9a\x11"
	"\xbe\x1c\x8e\x50\xfd\x5b\xb8\x61\xea\xf7\xa8\x68\xe3\x05\x71\x82"
	"\x61\x7d\x30\x23\x5a\x4c\x05\xef\x9c\x0e\x09\xcb\xa9\xd5\x96\x8a"
	"\x58\xef\x47\xcc\xde\x6e\xc9\x37\x07\x99\x63\x0f\x09\x3d\xa0\xa0"
	"\x51\x4e\x3a\x48\x23\x14\x7b\xb0\xa5\x5b\x94\xc1\x28\xd2\x2c\x8b"
	"\x72\xa9\x13\xc4\x29\x49\xa3\xac\x7c\x51\x45\x3f\x26\xbe\x3f\x74"
	"\x92\x81\x4d\x18\x7c\x23\x6d\x48\xe8\x1d\x2f\xdb\x39\x1a\x46\x61"
	"\x4c\xf6\x6d\xa3\x0f\x35\xc0\x11\xc8\x6d\x12\xa8\xca\xf0\xca\xf3"
	"\xea\x0e\x19\xb1\x7c\x42\xd9\xa7\x71\x57\x08\x57\x61\xec\x1a\x1c"
	"\x9d\x32\x1f\x41\xfd\xa9\xe5\x18\xc9\xc4\x05\x73\x49\x1e\xf2\x3e"
	"\xe1\x6e\x26\x11\x96\x6d\x0d\xa6\x26\x7a\x7f\xca\xad\xbe\x6d\xac"
	"\x61\xca\xfb\x23\x23\x62\x6c\xf1\x31\x61\x52\x2e\x10\xf0\x06\x6b"
	"\x64\x20\x4f\x66\xc4\xbd\xbd\x24\x4f\xc7\x53\xf2\x13\xb2\xc0\x19"
	"\x8e\x88\x14\x0b\x9b\xc5\xd8\xea\x37\xe7\x0e\xb1\x0e\xa2\x9d\x6a"
	"\xf9\x37\x14\x3f\x48\x40\x6d\x75\x54\x9f\x5c\x9c\x8e\x6f\xe7\x9e"
	"\xf7\xf6\x54\x5b\x36\x7d\x91\xfd\x11\x56\x6d\x4d\x20\x10\xf6\xfa"
	"\xfe\x72\xf8\x71\x68\x2d\xb4\xd3\xc1\x58\x63\xf7\xf0\x73\xff\x2a"
	"\x62\xb5\x48\x03\xbc\xfa\x23\x59\xc0\xf8\x0e\xe3\xa4\x0b\x93\x3b"
	"\x42\xe0\xf0\xc6\x84\x40\xe1\x38\x7c\x4a\x2d\x36\xec\x86\x8c\x37"
	"\xb5\xb9\x9f\xce\xda\x5e\x6c\xab\xc3\x53\x69\x23\x88\xc6\x30\xf2"
	"\x7e\xaf\xec\x2a\xce\x93\x92\x58\x11\xea\xc2\x03\x4f\x8a\x8f\x68"
	"\x04\x19\x2c\x2e\x0b\x3f\xdf\xd4\x9e\x77\xcd\xa3\xa3\x5a\x4c\xf4"
	"\x09\x7b\x39\x20\x0d\xc6\x7d\x92\x44\xda\xc6\x8c\x86\xb6\x45\x92"
	"\x86\x63\x9a\x44\x09\xa1\xa3\xd1\xcc\x4e\x69\xda\x80\xa6\xf5\xc9"
	"\x2f\x1b\xdb\xc3\x94\x94\x78\x70\xc1\x1f\x93\xb6\x2a\xa3\xf1\x74"
	"\x4c\x3e\x8a\xe4\xd9\xd8\x20\x31\x8f\x26\x84\xf8\x22\x48\x53\x92"
	"\x34\xb6\x68\x12\xf9\x95\x06\x79\x60\x40\xda\x54\x4d\xa7\xc4\x61"
	"\xc1\x4d\xe2\x0c\x1d\x5a\xf5\x44\x3e\xa4\x72\x16\x85\x63\x7b\x40"
	"\xf4\x26\xec\x66\x23\x8b\xdc\x3d\x47\x53\x9b\xdc\xe8\x86\x13\xe2"
	"\x12\x17\x69\x33\x9b\x5c\x81\xa1\xfd\xfd\xa9\x4d\x3a\xe4\x4a\xc4"
	"\x68\x34\x31\x2d\x92\xae\xc6\x66\x12\x67\xf4\xd3\xe7\xeb\xeb\xaf"
	"\x42\xe7\x54\x4e\xc4\xc5\x69\xff\xff\x3e\xf7\x6f\x8f\xbf\x2a\xab"
	"\xa8\xff\xa0\x43\xaa\xeb\xf2\xaf\x49\x10\x54\x69\xc2\xc5\x85\x97"
	"\xb8\xb7\x78\x38\x1f\x4f\x5f\xdd\xc3\xc7\xf9\x74\xf8\xfe\x89\x56"
	"\x60\x0d\x23\xaa\x86\x23\x91\x34\xd8\xff\xf9\xf0\xb1\xff\x23\x80"
	"\x3a\xf6\x4f\xbd\xe0\x78\x7c\xef\xfd\x06\x95\xff\xde\xfb\x51\xbd"
	"\xfc\x43\x79\x79\xbd\xc2\xc5\x70\xa0\x91\x7d\xcb\xf5\xe3\xf9\xd7"
	"\xe9\xf8\xf1\x78\x7c\xdf\x03\xa9\xbd\xb8\x8a\xd3\x63\x9f\x5c\x09"
	"\x90\x4a\x79\xf6\x94\xd4\xb1\xe9\x5c\x4a\x2e\x3f\xdb\x94\x0f\x47"
	"\xd4\xf1\x71\x69\x51\xa7\x95\x24\x1f\xf4\x47\x7d\x72\x76\x16\x67"
	"\xb4\xe5\x5d\x1a\x1b\x8e\x68\x7e\xb6\x04\x29\xab\xdd\x65\xab\xfd"
	"\xc3\xcb\xf9\xa7\xb2\x09\x95\xa5\xa7\x73\x2f\x95\x61\x3e\xde\x0e"
	"\xe7\x66\x17\x2e\xbc\xe1\x90\x9a\x8a\x82\x36\xa4\x66\xc7\xa0\x6f"
	"\x90\x2d\x91\xd8\x76\xec\x58\x7d\xbe\x1e\x9e\x0e\xe7\x5f\xda\xc1"
	"\x0c\xed\x01\x21\x77\xb8\xab\x8c\xd8\x04\x57\x28\x13\x11\x12\xe7"
	"\x2a\xe3\x36\x31\x7f\x57\x59\x4e\x50\xb8\x3f\xa1\xce\x7e\x48\xb2"
	"\xdb\xdd\xee\xc3\x9c\x39\xa3\xbf\xf7\xeb\xfe\xe1\xe3\xf3\xb4\x7f"
	"\xdd\x83\xac\xf1\x09\x3d\xad\x61\xd5\x61\xdf\xc4\x8c\x43\x52\x57"
	"\xe1\x03\x47\x91\x5c\x53\x90\xa9\x1d\x61\x1d\x6e\xc7\xd4\x71\x65"
	"\x83\x2c\x39\x36\xb2\xa4\x82\xa1\xde\x50\xb0\x6d\xc0\xc3\xb1\xcb"
	"\x35\xce\xf3\x87\xe7\x9f\x67\xfd\xf4\xfd\xd3\xdd\x71\x4a\x63\xc2"
	"\x82\x01\xe6\x4e\xd3\xd3\x12\x97\xcf\xa8\x60\x21\x82\x48\x65\xa1"
	"\x9a\xaf\x2c\x2a\x81\x17\x92\x28\x31\x2c\x1c\xd8\x16\xe1\xfe\x85"
	"\x34\x62\x77\x01\xd2\x80\x38\xc0\x02\x69\x4c\xf0\x19\x92\xc6\x84"
	"\xde\x62\x99\xd8\x2c\x01\x2e\x64\xfd\x3e\x61\xe4\x27\x24\x34\x0c"
	"\x66\x10\xd8\xb3\x3e\x71\xbe\xab\x83\x88\x20\x22\x82\x68\x11\x9b"
	"\xdc\x9f\x9c\xc1\x59\x85\x70\x54\x49\xd2\x3e\x19\x55\x23\x4b\xc9"
	"\x80\x18\x1b\x58\x32\x86\x0e\xa7\x56\x14\x58\x8a\x88\x01\x8f\x93"
	"\x0c\x78\x41\x5f\x6b\x02\xed\xb4\xfb\x24\x99\xfb\x96\x45\x25\x64"
	"\x06\xd2\x70\x44\x69\x6c\x06\x03\x2a\x13\x55\xb6\xcb\x37\x3e\x27"
	"\xfa\x2d\x73\xf8\x60\x48\x58\xa5\x09\x1a\xe1\x59\x5c\x8e\x58\x06"
	"\x83\x42\xf9\xd6\x0a\xda\x94\xa6\x4d\x88\xba\x81\x36\x1c\x0d\xa8"
	"\x08\x5f\x23\x6b\x6a\xeb\x4d\x34\x37\x4e\x14\x90\x63\xb2\xf1\xc2"
	"\x60\xdc\x27\xac\xe6\x36\xc1\x98\xd2\xcb\xde\xc3\x60\xda\xb6\xc6"
	"\xc1\x29\x7c\x78\x7e\xdb\x9f\xa5\x82\x59\xbb\x98\xac\xc9\x9c\x71"
	"\x82\x44\x08\xbd\xeb\xfe\x6c\x46\x2c\x40\x85\x1e\x38\x64\xcb\xc8"
	"\xb0\xf6\x5e\x30\xa4\xfe\x92\x2d\x07\x94\x63\x68\x18\x3a\x83\x91"
	"\x3d\xec\x9b\xd6\x55\x51\x39\x2d\x0e\x94\xac\xb1\x0a\x9d\xd1\x74"
	"\x68\xc8\xa2\xd9\xc0\x35\x9a\x2b\x3b\xf9\x12\x69\xac\x75\x54\x0e"
	"\xf3\xad\x66\xef\x7b\x7c\x39\xbc\xb5\x06\xa5\x26\xc1\xbd\x1f\xcf"
	"\xb0\x23\x1e\xb4\x57\x03\x23\x2a\x3c\xa4\xcb\xad\x69\x9f\x54\x40"
	"\x8d\x86\xc4\x5a\x2c\x69\x13\x52\x2e\xa7\x16\x44\xa4\x59\x03\x5a"
	"\xd6\xa7\xa6\x47\x96\x04\x5a\x39\xa7\xf9\xed\x1f\xe7\x87\xba\x38"
	"\x10\x84\xc9\xcc\xea\x6b\x84\xb8\xe4\xb4\xff\x40\x29\x42\xcb\xe2"
	"\xf3\xa4\x3f\xee\x87\x4b\x82\x13\x13\xea\x56\x62\x95\x50\x5d\x99"
	"\x04\x96\x65\x50\xcc\x4b\x32\xc9\xd7\x49\x00\x7c\x4d\x1c\x82\xf8"
	"\x88\x54\x12\x02\x89\x48\xc4\x59\x30\xbc\x88\xae\xac\xef\xef\x11"
	"\x25\xab\xae\x12\xbb\x3f\xd6\x7f\xc6\x7d\xc2\x60\x83\x1e\xeb\xe5"
	"\x92\x37\x74\xc4\xd0\xf5\x35\x1f\xcc\x06\x23\xcd\xf0\x1c\xff\x39"
	"\xbc\xa2\x04\x2b\x55\x50\x1f\xd2\xdb\x45\x53\x81\xd8\x3e\xc9\xbd"
	"\xce\x77\x59\x8a\xb9\x2f\x3c\xca\xbe\x22\x5d\xa0\xa7\x0b\xa5\xb1"
	"\x4c\x17\x54\xc2\xf2\x2d\xbc\xb3\x4f\x3e\x34\xfd\x3f\x7a\x97\x58"
	"\xba\x73\x47\xb6\x7f\x7d\xc7\x63\x23\xc1\xb5\x30\x27\xfd\x70\x27"
	"\x42\x61\xc7\x4e\x9c\x27\x84\x89\x78\x18\x6c\x67\xfd\x31\xb1\x35"
	"\x4a\x22\xa5\x5c\x0d\x93\x3e\x71\xb3\x26\x48\x13\x62\xd7\xbb\xe3"
	"\xc4\xe8\x08\x92\xad\x8b\x3e\x93\xdc\x86\x6a\x94\xc1\xb0\x0a\xd7"
	"\x72\x91\x37\xa0\x10\x4d\x30\x17\x59\xa8\x7f\x5e\xda\x13\xf8\x3c"
	"\x69\x3e\x55\xea\xb6\xf5\x62\x0c\x00\x44\xac\x2f\x8d\x19\xb5\x9f"
	"\xde\xf4\x1e\x7f\x1e\xde\xdb\xbe\x7a\x40\xc1\xe0\xef\x75\x1b\xd2"
	"\xa5\xef\xb4\x0a\x70\x90\x76\x51\xfa\xcd\x6a\x96\x6f\x06\x6d\xec"
	"\x06\xf6\x98\x4c\x71\xc4\x4d\x58\x9a\xf9\x22\xb7\x53\xe2\xa5\x4e"
	"\x92\xd7\x4d\x6a\xf0\x89\x8c\xa5\x18\xe8\x97\x05\x41\xed\xd6\x3a"
	"\x61\xce\xba\x19\xfb\xb1\x32\xa0\xc3\xf0\xe1\xf0\x23\x4b\xe3\x20"
	"\x50\x0d\x49\x25\x05\x53\x6f\x8b\xa8\x58\x6a\x85\x0b\x4d\x5a\x89"
	"\x64\x75\xd7\xe3\x9f\xdf\x3f\x84\x41\xdb\xa5\x67\x8a\x7c\x91\x45"
	"\x08\xed\x4b\x37\xaf\xee\xa4\xd1\xbc\x7e\x89\x75\xc2\xdd\x3a\x8e"
	"\x98\x08\x26\x8e\x58\xfd\x50\x41\x1d\xc9\x96\xed\xec\x69\x14\x8a"
	"\x80\xe1\xdd\x28\xac\x4f\xc7\x2d\x80\x11\xa6\xb4\xb5\x40\xdf\x65"
	"\x69\xde\x60\xbc\xa2\x78\xcb\x4d\x0d\x13\x0f\x12\x7e\x9a\x48\x77"
	"\x80\xc9\x12\x23\x22\x64\x49\xb2\x8a\x23\x6f\x17\xba\xe1\x78\x4c"
	"\xac\x35\xc2\x74\xc8\xa1\xfc\xa7\x9c\xb6\xfa\x38\xd9\x9f\x30\xe0"
	"\x83\x58\x4c\x5f\xa5\x9a\x42\x17\xe3\x14\x59\xd0\x71\xfc\x5d\x62"
	"\xb0\x02\x75\x1c\x5d\x42\x38\x61\x65\xa2\x9a\x98\x0a\x9f\x33\x9e"
	"\x17\x85\x75\x3b\xd2\xc4\x23\xdf\x90\x6a\x72\x4b\xb4\x7d\xe0\xa4"
	"\x7b\x5b\xdb\xdf\x6d\xee\x0b\x9f\x2f\x5f\xb5\xce\xab\xd3\xd4\xe0"
	"\x4f\x8d\xa7\x4a\x9f\xfc\x2f\xdf\x0f\x18\x14\xec\x5f\x3f\xff\x2e"
	"\xfe\xf8\x9f\xb7\x27\xf9\x97\xe2\x42\xd6\x7e\xa3\xd6\xda\xb7\x5c"
	"\xf1\x52\xe6\x78\x70\xb8\xcc\x77\xd2\x77\x4f\xd9\xa8\xe6\xd1\xc6"
	"\xf5\xc3\x90\x30\x77\xd0\xe5\x42\x2d\x03\x5e\xa9\x3f\xdb\x0b\xa5"
	"\x30\xb5\x59\x34\xf2\x1f\xd4\x8d\xfc\x54\x53\xbc\xd5\x6d\xef\x7c"
	"\x7a\x78\x14\xbb\x75\x9b\x2f\x78\x16\x1a\x7c\xf2\x33\xbd\x17\x15"
	"\xba\xb2\x11\x6e\xfe\x3a\x0b\xa0\xcc\xf3\xca\xc6\xc0\x9f\x3a\xcb"
	"\x3e\x38\xba\x78\xfa\x95\x23\xc3\xd4\x65\x98\x36\x0f\x6b\x31\x98"
	"\x42\xca\x1c\x23\x08\x56\x81\xca\x82\x5a\xa7\xa3\xd3\x15\xba\x19"
	"\x7e\x81\x63\xd8\x17\x1d\xe6\xbe\x70\x3c\xd7\xd6\x50\xa6\xa8\xc2"
	"\x5b\x24\xfd\x2b\xca\xc7\xc5\x80\xa0\xd7\x5f\x92\xd6\x23\x2e\x90"
	"\x60\x64\xa8\x86\xdf\x45\xfb\x91\xcd\x82\x9b\xda\xb7\x48\x4c\xd4"
	"\xb5\x77\x57\xe4\x82\xab\x40\xba\x66\xd1\xb6\xa9\x0a\x28\x8f\xfc"
	"\x4c\xa4\xaa\xb8\x6e\x64\xee\x8b\xc8\xbc\xda\x6e\xc0\x6a\x34\xde"
	"\xfe\xfa\x2e\x2b\x7a\xac\x18\x09\x16\x18\x9a\x2b\x1e\x59\x7b\x29"
	"\x06\xcf\x30\x33\x51\x12\x02\x27\xd6\xc4\x0b\x60\x12\xbd\x8a\x94"
	"\x07\x7e\x48\xf9\x34\x8a\xa0\xd8\xf0\x77\xe4\x39\x54\x00\x41\x34"
	"\x36\xc2\x84\x3c\xe9\xf2\x4e\x24\x9a\x82\xf6\xb7\x83\x2f\x2c\x0e"
	"\xe8\x56\x2c\xf6\x5f\xd5\x76\xd5\x61\xce\xca\x43\x0f\x16\xb7\x08"
	"\x09\xa8\xba\xb0\xa0\xe1\x3d\xab\x7d\x82\xb7\xcd\xec\x1d\x61\xdd"
	"\x06\xb4\x41\x83\x76\xa1\x0c\x6b\x91\xd1\x45\x41\x8e\xa9\x80\xe3"
	"\x54\xd4\xd9\x20\xc1\xab\x31\x93\xc0\x16\xda\x14\xb4\x49\xdc\x73"
	"\xf2\xd4\xcf\xee\x1a\x14\x2f\x12\x61\x9d\x6b\x0e\xbf\xe5\x23\x35"
	"\x9a\xda\xe2\x21\x19\x34\xf0\xcf\xb9\x6b\xab\x60\xfc\x4d\x82\x31"
	"\x8e\xfc\x5c\xf4\x65\xcd\x15\xc0\xf3\x39\xee\x25\x54\x8f\xfd\x49"
	"\x93\xb6\x34\x69\xb9\xe0\xe4\x18\xc4\x8e\x81\x38\xcf\x0c\x6d\x89"
	"\xfc\xa0\xfd\x68\xf9\x75\xb6\x78\x4e\x61\x0d\x2c\xc0\x54\xa2\xed"
	"\x52\xf8\xef\x96\x65\x59\xda\x2e\xd6\x8c\x68\x49\x52\x46\xf4\xb2"
	"\xfc\x23\x0d\x3a\x14\x84\x53\x53\xa3\x88\xa1\x95\x54\xe1\x09\xe3"
	"\x47\x7f\xc2\xdc\xf1\x89\x70\x1d\x65\x35\x98\xbc\x02\x0f\xbc\x24"
	"\x8e\x13\xfb\x2c\xc5\xab\xb8\x2c\xd4\xf7\xda\xb2\xac\x08\x2d\x1e"
	"\x27\xda\xcf\xf2\xd1\xc7\x08\xe8\xbe\x9a\x10\x15\x8d\xc9\xd1\x28"
	"\xe6\x8e\xa0\x37\xfb\x41\x57\x0c\x82\xff\x92\x53\x34\x3f\x0a\x7c"
	"\x90\x26\xc5\xef\x1a\x06\x16\xc6\xe6\xc0\x94\x85\xa6\xd9\x50\x20"
	"\xe6\xb9\x1f\x64\x7e\x04\x4b\xdf\x32\x62\x98\x7e\xa8\xd6\x80\x28"
	"\xce\xfc\x85\xea\x0a\xd1\x2c\xf0\x65\x81\xb0\x6c\xaf\x35\x81\x49"
	"\x82\xe6\xdd\x37\x79\xac\xe6\xf7\x10\x3f\x31\x10\xaa\x70\xc5\x11"
	"\x8b\xe9\x02\x84\x2c\x45\x8e\xc7\xb4\x03\x05\xec\x96\xa5\x51\x23"
	"\xa8\x8a\x24\x50\x1f\x2a\xa9\x59\xea\xd5\xa6\xfd\xcd\x22\x84\x5d"
	"\xd5\xd2\xe1\x05\xc5\x6e\x34\xcf\xc9\x82\x7a\xe4\x9b\x2c\x5e\xf0"
	"\x21\x35\x51\x25\x99\x98\x13\x62\x4d\xad\x31\x9d\xa3\x97\xed\x62"
	"\x18\xa0\x80\xdd\x35\xc0\x97\x52\xcc\xea\xec\xa7\x30\x6f\xe0\x90"
	"\x9c\x1a\x9f\xbf\x20\x59\x70\xcb\xee\x38\x06\x57\x08\xe2\x5b\xa2"
	"\x5a\x94\x83\xf5\x9b\xa0\x02\xda\xc2\xb8\x8b\xef\xec\x02\x62\xce"
	"\x0e\x27\x4e\x74\x7c\xe0\x03\x6f\x7b\xa1\x17\x65\xb0\x9d\x2f\x2a"
	"\x4f\x1d\xe7\xe1\xf1\x67\x3d\x06\xc0\x82\x8b\x65\xbb\x6d\x49\xe3"
	"\xfe\x91\xc6\xe1\x57\x77\xe3\x8a\xad\xb3\xb5\x73\xfa\x3c\x9e\xc1"
	"\xc1\xab\xb6\x00\xfe\x19\x07\xbe\xa7\x4c\x9f\x7b\x00\xd5\x3b\x38"
	"\x77\x17\x8d\x91\x93\x8a\xca\x98\x7f\x5d\xb0\xec\xab\xb7\xc5\xff"
	"\x8f\x32\xfd\x2b\x17\x8d\xf5\x36\xe4\xf0\x5c\xad\x64\xd3\x84\xe0"
	"\xef\xd2\x23\xd0\x01\xd1\x20\xc1\x6c\x29\xc3\xc1\x44\x47\xf7\x63"
	"\x74\x73\x83\x63\xfd\xb7\x2f\x87\x8f\xe3\x74\x3a\x9a\xfd\x61\x7d"
	"\x51\xe7\xdc\x05\x9a\x67\x8b\xa9\x76\x9f\x6f\xbe\x5f\x96\x68\xde"
	"\xf0\x79\xfe\x31\x55\x2a\x8f\xb2\x16\x4b\xcb\x03\xe9\xc7\xfe\xf3"
	"\xe9\xd8\xfb\xa1\xeb\x0e\xf4\xeb\x6b\xf0\xaf\x28\x5a\x37\xed\xb1"
	"\x54\x22\xaa\x2b\xb2\x40\x9d\xfe\x50\x88\xbd\x82\xa9\x56\xfd\x46"
	"\x02\x36\x41\x74\x56\x7e\xe0\xa6\x9e\x7e\x57\x10\x88\x5c\x9b\x5b"
	"\x17\x85\x44\xb5\x2b\x1a\x21\x85\xb3\x30\xa9\xb7\x5d\x14\x5c\xb6"
	"\x12\x4a\x91\x56\xee\xaf\x7a\xf5\x6b\xbe\x84\x95\x6e\xae\x5d\x1b"
	"\xe0\xf8\xb7\x70\x61\x81\xf7\x98\x9a\xa0\xa9\x4a\xda\xbb\xf4\x97"
	"\x2c\xca\x7c\xd9\x19\x6a\x3c\x8a\x32\x41\x8b\xca\x78\x3e\x97\x01"
	"\xbb\x64\x34\x98\xfa\x12\x92\x62\x12\x05\x5a\xce\x60\xae\x81\xb6"
	"\xa0\x69\x9e\xd8\x9a\x28\x2a\x07\x41\x16\x53\xb1\xeb\xa9\x2b\xba"
	"\x5a\x20\xc9\xac\xd0\x84\xc8\x64\xf8\x92\xb9\xa1\xb1\x34\xc9\x49"
	"\x59\x48\x7d\xc4\x4d\xce\xf8\x8a\x20\x6e\x0c\x12\x61\xe8\x47\xc0"
	"\x34\x94\x48\x18\x1a\xbe\x3e\xa1\x69\x37\xd1\x76\x68\xa4\x8e\x69"
	"\x6a\xaa\x79\x69\x39\x63\x30\x67\x93\xba\xff\x8a\xdf\xb8\x44\x04"
	"\xc0\x98\x95\x18\x56\x9b\x86\x12\x12\xdc\xc7\x15\x59\x3f\x19\x4b"
	"\xdc\xf0\x5a\xdc\xca\xb9\x0a\x39\x1d\xda\x57\xe1\xee\x79\xe6\x6a"
	"\x81\x75\x98\xf2\x8d\xe6\x4e\x28\x17\xce\x16\xb0\x05\xf8\xf2\xb4"
	"\xff\xf1\xf2\x70\xde\x7f\x69\x01\x45\x86\xbd\x56\x05\x85\x9b\x73"
	"\xbd\x30\x65\x35\xa5\x13\x4c\xee\x0d\x35\xc0\x39\x35\xbc\x5e\x1a"
	"\x97\x8b\xc5\x65\x36\x14\x65\xa4\x18\x55\x01\x1a\x27\x87\xaa\x5c"
	"\x27\x60\x97\x34\xcd\x69\xb0\x24\xdd\xfb\x89\xb6\x1d\x89\x93\xe4"
	"\xbb\x75\xb6\x82\xb5\x50\x7f\xa7\x0e\xf2\x22\x06\x75\x50\xd7\x38"
	"\x9d\x86\x4d\x8d\x83\x09\x3f\x2e\xa3\xa1\xec\x9f\x0a\xb9\xdc\x80"
	"\x77\xb0\x01\xd7\xac\xe2\x55\xda\x84\xb8\x94\xab\x83\x88\x7b\xf4"
	"\x1a\x68\x4a\x18\xd8\x34\x40\xf6\x35\xa0\xab\x5e\x77\x45\xc3\xa9"
	"\x34\x2b\x0d\x90\x75\x0d\xe8\x9a\x86\x13\x36\x1a\x0d\xd0\xf0\x1a"
	"\xd0\x35\x5d\x40\xb8\xe4\x34\x40\xb3\x6e\xd0\xac\x6e\x10\xa9\x85"
	"\x8c\xfa\x24\x13\xcd\x06\x57\x74\xce\x6c\x78\x45\x43\xa6\x13\xba"
	"\x73\x40\xba\x45\x2e\xdf\x4d\xbb\xab\xb1\xec\x6b\x98\x11\x50\x16"
	"\xf1\xd9\x8c\x3b\xbe\x5f\x9f\x6d\xe5\xeb\xad\x66\x37\x94\x04\xbb"
	"\xb3\xe5\x83\x4e\x44\xf7\xd7\x8f\x3a\x11\xe3\x4e\xc4\xa4\x13\x31"
	"\xeb\x44\x58\xdd\x1f\x63\x75\x7f\x8d\x45\x7f\xce\x3a\xf6\xa7\xbb"
	"\xd4\x4c\xce\x49\x72\xc8\x1c\x14\x0b\x88\x34\xca\x25\xc2\xf1\x82"
	"\x8c\xb8\xaa\xbb\x40\xe0\x10\x9f\xa7\xb1\x19\x94\xc6\x2c\xf3\xbb"
	"\x5e\x76\x97\xfa\x41\xd0\xf1\xba\x25\xf3\x3a\x21\x70\xfe\x5f\x1b"
	"\x11\xbe\x83\x09\xa4\x5d\x33\x26\xca\xfd\xac\xbb\xfb\xba\x3e\x2a"
	"\xcb\xd3\x75\x23\x60\x9d\x82\xc0\x83\x5b\x2d\x28\x41\xa0\x4d\xb4"
	"\x19\xf9\x38\x27\x6b\x07\x57\x59\xb4\x8b\x30\x6c\x41\xe0\xdf\xb3"
	"\x4c\xc6\x5e\x6c\xdf\x65\xd5\x22\x62\xb4\x83\xfd\xae\x3d\x35\xf1"
	"\x0b\xfe\x12\xd2\x0c\xab\x65\x2e\x4e\xf0\x46\x05\xb6\xdd\x48\x5c"
	"\x30\x60\xf0\x0e\x42\x04\x2f\xaa\x20\x3c\x0c\xc5\x91\xc1\x73\x69"
	"\x08\x10\x76\xee\x6a\x17\xc3\xfb\xc4\x07\x51\xa6\x5d\x52\xc2\xd8"
	"\xb9\xa1\xc7\xc5\xd5\x77\x96\xfa\x8e\x4e\xe7\x5f\x21\x31\xc0\x83"
	"\x8c\x3c\xc0\x2b\xbc\x72\x14\xd4\xa8\x3b\xcb\x32\xad\x54\x55\xd5"
	"\x5b\x08\x26\xba\x07\x2b\xa1\x65\xbb\x20\xb2\x9d\x5f\x5a\xc7\x32"
	"\x1d\x83\x04\x3c\x94\x91\x44\xe0\x3c\x01\xe7\x34\x37\xfd\x36\xb0"
	"\x27\xe3\x69\xcd\x59\x1f\xce\xef\xae\x17\x41\x9f\xa2\x4a\x0e\x55"
	"\x2f\x68\x4e\x10\x3b\x45\xea\xf2\x0a\xd9\x00\x19\x48\xbb\x05\x54"
	"\x80\xd9\xa2\xd4\x6f\x6a\xa3\x70\x7f\xe0\x09\xd3\xdd\x29\xa3\x1e"
	"\x5a\xe4\x03\x47\xd3\x16\xd7\x5b\x79\x41\xa2\x5e\x56\x69\xc9\xa2"
	"\x0b\xbe\x7d\xf9\x2a\x95\x0a\xbb\xfd\x3f\xe7\xaf\xdf\x0f\x6f\x5f"
	"\x1f\xf6\xfb\xdd\xe3\xf1\xb4\xdf\xfd\x38\x9e\xfe\x7e\x38\x89\xbb"
	"\xdc\x66\xe7\x01\xcf\xc3\x54\xdd\x6a\x87\xa0\xa0\xc9\x4b\x3a\x06"
	"\xf2\xb4\x79\x1c\x4a\xb8\xeb\x73\x8c\x6c\x64\x1a\xf8\x0a\xea\x09"
	"\xb7\xd9\x36\x2f\x55\x08\xb6\x71\xc4\x37\x73\x03\x46\xa8\xd5\x53"
	"\xef\x26\x49\xe3\x6c\xb7\x61\x41\xee\x7d\xeb\x93\x60\xee\xbb\x19"
	"\x9b\xa3\x92\x60\x05\x13\x0e\xea\x9d\xe9\x3e\x25\xa4\x82\x62\x54"
	"\x90\x2c\x0e\xe3\xbb\xd8\x8c\x61\x09\x74\x5b\x48\x38\xe8\x55\xa8"
	"\x20\x66\x6e\xe2\x47\x66\xd0\x1d\xd3\x46\x52\x47\x15\xf0\xb2\x39"
	"\xf9\xaa\xc2\x8b\xa2\xda\xf4\xa8\x48\xd7\x5b\x5b\xb0\x7c\x22\x14"
	"\xba\xb7\x09\xb5\xa1\x6f\xa4\x3e\xcc\xc4\x53\x2d\x4c\xc3\xdb\x88"
	"\x80\x7d\xfb\xf2\xb1\x7f\x39\xbc\x7d\xfe\xf3\x45\x2e\xc4\xeb\xfd"
	"\xe9\x6d\xff\xd2\xfb\x89\xcc\x2c\x8c\xec\x2e\x0b\x72\x11\xa4\xe9"
	"\xf5\x78\xfa\xd5\x3b\xbc\x1d\xd0\x79\xe2\xf0\x9f\x87\xc2\xd5\xa8"
	"\x72\x7c\x14\xca\x21\xd4\xc5\x02\x9f\xa4\xd0\x05\x3e\x86\x16\xcb"
	"\x32\x2f\x55\xae\x19\xb4\xa8\x7b\x38\x6e\xed\xe6\xf5\xe0\xa6\x14"
	"\x4e\xd5\xf8\xfb\x98\x3f\x1e\x4d\x92\xa2\xb8\x1e\x35\x53\x21\xc1"
	"\x92\x51\xb6\x82\xb8\x34\xad\x41\xf1\x15\x34\x4e\xdc\x8c\xc0\x1a"
	"\x46\xe4\x84\x6b\x81\x17\xb0\xdd\x13\xd8\x4a\xc7\x53\x24\x9d\x95"
	"\x9a\xe4\xd3\xaf\xf7\xf3\xb1\x87\xeb\x4a\xef\x78\xea\xfd\xdc\xbf"
	"\xbc\x0b\xbf\xb0\x1a\x18\x2f\x67\x6a\x11\xed\x6a\xc5\x76\xbb\x1c"
	"\x8e\xae\xda\xc2\x36\x74\x1e\xac\x1d\x3f\xa9\x25\x56\x6f\x52\xda"
	"\x0f\xe1\x6c\xd7\x16\xb6\xa1\xa9\x7a\x11\x75\x29\xd3\x02\xdb\x1a"
	"\x8d\xb2\xe9\x64\x4b\x18\xd5\xfa\x75\x92\x68\xd0\x28\x4c\x68\x5e"
	"\xcd\x6b\x31\xec\x8a\x52\x97\x88\xeb\x2b\xa9\x9e\xe3\xae\xc8\xc1"
	"\xc5\x1b\x39\xd8\x92\xda\xad\x2a\xca\xdb\x4d\x28\xee\xb0\xb4\xe8"
	"\x72\x07\x10\x76\x0b\xbc\x85\x5a\x2e\x2c\x7b\x1a\xe6\x41\x8b\x10"
	"\xe5\x81\xbe\xd0\xd6\x7c\x6d\x22\xfe\xa5\xbf\x08\x85\x87\x9b\xdc"
	"\xcb\xbd\x56\x8d\xe2\x1f\x57\x53\x65\x28\x29\x74\x9d\x30\xd5\x57"
	"\x20\x87\x69\x1e\x25\x4c\xa0\x0a\x2a\xf7\x43\xdd\xfb\x60\x8d\xdb"
	"\x78\xf6\x68\x64\xcd\xda\xd6\x5f\x9f\xe7\x9f\x68\xe4\xfd\xf8\x70"
	"\xde\x3f\xf5\xbc\xb7\x47\x9c\x75\x18\x3c\xff\xef\xc3\xf9\x67\x8f"
	"\x7d\x7c\x1c\x1f\x0f\x82\xe4\x3e\x9c\x1f\x5a\xb3\xcf\x71\xc2\x76"
	"\xaf\x6b\xca\x9c\x15\x83\xff\xda\xfd\x24\x0e\xee\x30\xb7\x96\xa6"
	"\x8d\xcc\x5b\xfa\x98\x10\xc9\xc4\x5a\x25\x26\xe8\x04\xd9\xa3\xb1"
	"\x09\x03\x5b\x65\xce\xc7\x84\xe3\x82\x8a\xb1\x1a\x56\xe9\x8d\xee"
	"\xf6\x6e\xfc\x4d\xeb\x63\x3d\xf8\x54\x58\xf4\x36\xe5\x42\x36\x17"
	"\xde\xa9\xaf\xc7\x27\x35\xb3\x4c\xd9\x31\x73\xdd\x20\x3b\x8b\x39"
	"\xfd\x52\x27\x6b\xcf\x07\x47\xc3\xfd\x9e\x33\xd7\x54\x1d\xa4\xb7"
	"\xa6\x8f\x4e\xa0\x41\xf4\xab\xb7\x19\xd7\x54\x09\xa7\x01\x8c\x2b"
	"\x68\x1c\x13\x17\xce\x5f\x59\x1e\xb6\x5d\x2a\x1f\x3e\x7e\x52\x5d"
	"\x03\xa2\x51\x7b\x29\xd5\x15\x6e\xf5\xbd\xb8\xd1\x26\x67\x39\x3c"
	"\xef\x3f\xce\xed\x97\xa5\xce\xc0\x76\x34\x33\x18\x8a\x35\x55\xcf"
	"\x03\xb6\xf6\x6c\x6e\xfa\x64\x09\x99\x9b\x20\x50\x7b\x66\xf5\x5d"
	"\x7f\x41\xf7\xf8\x52\xbb\xa1\x18\xa6\x51\xe8\x0e\x0d\x8b\xaf\xab"
	"\x7d\xc4\x07\x86\xf5\x02\xfc\xd7\xd4\xda\x34\x74\x3b\xa6\x27\x22"
	"\xc6\xfd\x0e\x44\xc7\xcc\x04\xc4\xc0\x36\x4d\xb9\x15\xb3\x5a\xfd"
	"\x01\x85\x50\xad\xae\x78\x64\xe9\x86\x0f\x08\x03\x53\x23\x78\x68"
	"\x24\x67\xcb\x94\xca\x52\x52\xee\x09\xc9\xc8\x6a\xfb\xd5\x38\x87"
	"\xf7\x9f\xb5\x60\x9e\xd5\x8a\xc5\xb5\x0b\x22\x6f\x84\x67\x6c\x21"
	"\xa2\x7c\xee\x73\xc3\x2e\x92\x3a\x43\x8d\xf0\x12\xdf\x62\x68\x7e"
	"\x92\x50\x44\xa2\xd6\x2d\x4b\x2c\xf4\x82\xc0\x67\x46\x9e\x66\x3c"
	"\x1b\x75\x01\xc6\x74\x9b\x5d\x6d\x5f\x2c\x5a\x7b\x70\x6b\x11\x5a"
	"\xb1\x7b\xe2\x56\xa2\x1c\x54\x16\x70\x66\x62\xad\x72\x93\xd2\x31"
	"\x8c\xe7\x99\xeb\xf6\xd2\x84\xca\x54\x5c\xf1\xd4\xd0\xc8\x53\x1e"
	"\xa3\x5b\x96\xdd\xc6\xda\x21\x2b\xca\x2f\x23\x56\x66\x3e\x78\x47"
	"\x3f\xac\xfa\x89\xa4\xec\x5e\x71\x55\xd6\xaa\x29\xb8\x8f\x35\x9f"
	"\x3d\x1d\xda\x74\xa3\x82\xfb\xa1\x6e\x7f\xc1\xdb\x41\xfa\x21\xbc"
	"\xea\xab\xb2\x09\x3f\xbc\x3d\x1d\x5f\x7b\xd1\xe7\xeb\xf7\xfd\xa9"
	"\x8c\xde\xd0\x88\xd8\x50\x71\x3a\xf7\x77\x4e\x92\x6a\x6d\x72\xcb"
	"\x4f\x4b\xe7\xcb\x32\xf1\x94\x86\x52\xec\x1c\x2d\x59\x56\xd0\x18"
	"\x37\x8a\xb4\x02\xe4\x64\xa9\xf9\xe5\xad\xf7\xfe\x89\x76\xb9\xa9"
	"\x87\x5e\x20\xc9\x9d\xe6\xdd\x28\xda\x62\x3c\xee\xce\xf7\x57\x40"
	"\x5e\x08\xf5\x57\x81\x53\x22\x72\x7c\x13\xc7\x1a\xd7\x79\xed\xc3"
	"\xcb\xae\xb0\x65\x6f\x56\xb1\xba\xd5\xf9\x2a\xf0\xbb\x30\xf4\x50"
	"\x75\x27\xf4\x84\xd9\x5d\xa2\xda\x4d\x5c\x88\x49\x3e\x0f\x0a\x0c"
	"\xcf\xe7\x75\xd8\x76\xd4\x9f\xed\x1c\x2f\xcd\xfc\x85\xef\xe0\xd5"
	"\x6e\x82\xf6\x2f\x8a\xdc\x93\xac\x1d\x3e\x81\xd1\xe6\x1c\x2f\x40"
	"\x2a\xea\x45\x13\x2a\xe8\xc2\x9c\x19\x5e\x40\x78\x48\x2f\x51\x55"
	"\x96\x78\xd2\x36\x10\x2d\xef\xc4\xcb\x7c\x4d\x6e\x73\x07\x83\x24"
	"\xfc\x10\x42\xf2\x87\xc8\xf5\xf0\x71\x78\x7e\x93\x3e\x63\x8f\x3f"
	"\xf7\x8f\x7f\x1d\xde\x9e\xd5\xbc\x6c\x22\xd7\x8f\x30\x79\x96\x5a"
	"\xd4\xb4\x66\x74\xd8\xa6\xf3\x5a\xfe\x9c\x82\xee\x6d\xb3\x94\xa9"
	"\x9d\x40\xe9\x6d\xe2\xc8\x65\xe9\x5d\xf3\x7d\x7a\xb4\xac\x1a\x64"
	"\x13\x4c\x33\xcf\x33\x1d\xb8\xd2\x11\x47\x58\xab\xb0\xf3\x5b\x94"
	"\x53\x36\x38\x7c\x3f\x3d\x9c\x7e\xf5\x4e\xc7\xcf\xf3\xe1\x4d\x15"
	"\xda\xe6\x7e\x96\x7a\x68\x36\xee\x35\xd2\xb5\x08\x4b\x19\x1d\x55"
	"\xaa\x8e\x99\x72\x10\x2b\xdd\x9a\x78\x96\x46\x0e\xaa\x38\xd3\x38"
	"\x6c\x9c\xff\x54\x48\xe0\x45\x04\x35\xf2\xd0\xd6\xca\x57\xef\x99"
	"\x2b\x97\x29\xc7\xaf\xcc\xb3\x55\x5b\x1e\xb4\x00\x74\xc2\x64\xeb"
	"\xac\x96\xc2\x4c\x34\xf5\x16\x1a\x6b\x1f\x0c\x22\xbf\x83\x13\x65"
	"\xe6\x27\x81\xdf\x88\x94\x1a\x15\xe6\x7c\x89\x26\x2c\x79\xa1\xcb"
	"\x78\x21\xbb\xaf\x5c\x3d\xfd\x79\x29\x5b\x96\x2d\x6e\x2f\xd5\x80"
	"\x91\x5b\x95\x02\x69\x2d\xc3\x15\xc8\xb4\x04\x08\x94\xf6\x6c\xd8"
	"\xc6\x95\x32\xe7\x2e\xe5\xfe\xbd\xf7\x6d\x66\x82\x98\xdb\x55\xc2"
	"\x3a\x5b\xd6\x38\x34\xea\x54\xef\x00\x0b\xbd\x30\x12\x01\xa7\xab"
	"\x1a\x1c\xf4\xb2\xca\x6a\xca\x12\xc7\x1a\xd7\x5b\xe3\xec\xda\xa2"
	"\x77\x8d\xec\x67\xf9\x4e\x7f\xd2\x6e\x1d\x09\xa0\xc0\xe4\x9e\x54"
	"\x00\x60\xb1\xf3\xe6\x77\x53\xcd\xa3\x92\x42\x89\x07\x02\xc2\xd2"
	"\x5b\x6a\x05\x90\x88\xb9\x4f\x49\x1f\xce\x98\xac\x99\x24\x4c\xf4"
	"\x7d\xdd\x3e\x25\x39\x53\x65\xd1\xde\xd6\x0f\x2b\x42\xdb\xdb\x66"
	"\x63\x59\x2c\xa6\x94\xbc\xc1\xa2\x20\x2d\xaa\xe2\xc6\x16\xb9\x71"
	"\x68\xee\xf5\x7b\xe4\x0d\xd8\xb7\xea\xe2\x8e\x28\x6d\x09\x41\xaa"
	"\x89\x54\xbd\xd4\xf5\x74\xe5\xc3\x9d\xbe\x54\x87\xae\x19\x37\x35"
	"\x8a\x6b\xf8\x8b\x0f\xc3\x3d\x12\xb4\x4a\xeb\xca\x80\x69\x79\xaf"
	"\x3a\xc6\x2a\x04\x29\x95\x35\x16\x3d\xcd\x5d\x53\x0a\x12\xed\x8e"
	"\xc7\x41\x1c\xaa\x86\xef\x6a\x29\x5e\x04\x4e\x09\x12\xbc\x50\x21"
	"\x65\xb0\x55\x71\x0f\x47\x54\x57\xb6\x5b\x87\x89\xb6\x7c\x1e\x6a"
	"\x8b\x17\x5c\x4d\x1b\xc3\x31\xa8\x3d\xec\x14\x62\x27\x49\x59\xed"
	"\x4a\x4c\x38\xda\xa8\xce\x7a\x58\x24\xd3\x6e\x54\x06\x49\xd8\x68"
	"\x99\x6d\x17\xb6\x8b\x65\xb6\x6a\xd0\x44\xfe\x57\x96\x88\x9b\x9f"
	"\xa6\x79\x27\xd2\xf0\x3a\x6f\x97\xed\xc6\xc3\xb9\x9f\x35\x36\xb6"
	"\xb2\x73\x11\xe6\xc4\x2b\x21\xe8\xd5\xf3\xfb\x16\x1b\x42\x9c\xa8"
	"\x77\x4a\xb7\x7e\x9c\x05\x73\xa5\x60\x19\xc8\xf1\x51\xa6\x55\x92"
	"\xc3\x39\x58\xdd\xa2\xdc\x1b\x75\x9b\x0c\xe2\x9a\x66\x07\x7f\x9b"
	"\x66\x42\x14\xd4\xcd\xc3\x9c\xe0\x7e\x97\xb1\xba\x72\x28\x4e\x5d"
	"\xe2\xf4\x0f\x1d\xa0\x57\xeb\xa7\x37\xb8\x92\x07\x3a\x93\xd9\xc4"
	"\x87\x69\xa6\x4c\x0d\x7f\xbe\x70\x95\xbe\x41\xcf\xce\x14\xb5\x74"
	"\x59\x7a\x47\x74\xea\xc6\xe5\x71\x9b\x8f\x97\x5e\x86\x89\x79\xe2"
	"\x85\xab\x32\x42\x49\x2d\xd6\x8b\xfa\xa3\x8b\x38\xca\xda\x9e\x88"
	"\xa2\x74\xfa\x8f\x35\x6e\x14\xe1\x15\x0b\xf4\xa4\x57\xbb\x75\x46"
	"\x87\xe0\x38\xd0\x48\x03\x32\xc3\x89\xaf\xcc\x1f\x0e\x6c\xd2\x70"
	"\xfd\xc2\x4b\xec\x68\x49\x5f\xf9\x57\x37\x4d\xa5\x14\x29\x4a\xdf"
	"\x4f\x87\xb7\xf3\x5f\x32\x4c\xc3\xeb\xfe\xe3\xb9\x6d\x10\x20\x04"
	"\x33\x99\xa8\xa8\xe1\x95\x21\xd2\xe3\x2d\x7c\x4c\x5a\xbd\xc2\x54"
	"\x09\x35\xab\x64\x34\x6b\x44\x07\xc0\x00\x2f\x44\xab\x6b\x85\x09"
	"\x89\xb8\xc9\xd1\x34\x7f\x78\xb1\x86\x96\x12\x77\xab\x86\xa1\x62"
	"\x5d\x10\xc7\x59\xd9\x12\xd7\x6b\x64\x22\x2e\xb9\xaa\xf0\xde\x14"
	"\xa6\x8d\xea\xc1\xf5\xf0\xb2\xff\xe3\x7c\x78\x2d\xe4\xea\x0f\xd1"
	"\x03\x8f\xb2\xfc\xd4\xee\x04\x99\x9e\xb3\x79\x3a\xb9\x94\xa2\x93"
	"\x45\xee\x10\x67\x77\x05\xc6\x41\x9c\xcb\xba\x40\xee\x2d\x4b\x17"
	"\xfa\x2d\x73\xe9\xc2\x0c\x74\x52\x3f\xc9\xb4\xc6\x9d\x32\x79\x78"
	"\x88\x5e\x93\xe2\x0a\x59\xe1\xba\x14\x73\x69\xa2\x03\xcd\x37\x7b"
	"\xda\xef\xd7\xd9\x26\x81\xe5\x0f\x7d\x8f\x43\xc2\x5a\x18\xce\x6d"
	"\x32\x1f\x12\x0f\x89\x84\x96\x20\xd5\xba\x58\xc1\x3c\x0e\x08\x0b"
	"\x5c\x1c\xcc\xf8\x36\x22\x8e\x94\xf2\xeb\x29\x2b\x68\x78\x3f\x88"
	"\xf4\xf2\x93\x0c\x8f\x73\xe9\x46\x86\xe6\xef\x21\xcb\x9c\x95\xfe"
	"\xbe\xbe\x06\x11\x3d\xb2\x8b\xa3\xe0\xae\x31\xed\x6e\x19\xcc\x52"
	"\xd9\x69\x49\x2c\xdc\x92\x78\xb3\x33\x8b\xf2\x36\x43\x2c\xe2\xd4"
	"\x81\xbe\xf6\xd8\x1a\xed\x4c\x70\x95\xd5\xad\x5d\x0c\x43\x3e\xc0"
	"\x39\x29\xbd\x51\xdd\xc8\xaa\xc2\xea\x06\x53\x0e\xea\xb7\xfe\x3f"
	"\x96\x0e\x05\xc7\x12\x5f\x3d\xda\x14\x79\x64\x85\x03\x6c\xc9\xee"
	"\xc5\x1d\xb2\xbb\xff\xfe\xf9\xfc\x2c\xe7\x7e\x7d\x5c\x60\x4f\xf4"
	"\x22\xd2\xb3\x4e\x56\x89\x40\xb1\x7d\xd0\xc3\x0b\x1d\xc2\xe3\x88"
	"\x3a\x12\x5e\xaa\x01\x86\x5a\x18\x20\x69\xec\x32\xf4\xda\xa2\x72"
	"\x87\x48\x54\x3c\x47\xaf\x41\xc2\x20\x28\xc8\xe7\xd2\xc6\x82\xca"
	"\x69\x51\x74\x13\x6c\xea\x01\x0c\x53\x7b\x08\x4b\x8a\x89\xdb\xc4"
	"\xf5\x75\x8e\xab\x94\x01\xa5\xb5\x2f\xa8\x16\xf6\x02\xe3\xa7\x59"
	"\xce\x82\x76\x2b\x0a\x82\xa1\x7a\x99\x27\x44\x5c\x7d\x9b\x3a\x5d"
	"\x72\x21\x0a\x20\x64\x8f\x48\x09\x8a\x71\x16\xe9\xce\xd5\x82\x20"
	"\x32\x5b\x30\xd5\x47\xb1\x30\x18\x90\xd4\xf6\x39\x52\xa5\x5e\x9e"
	"\xbd\x58\x77\x21\x41\xe7\x99\x23\x1f\xc0\xfe\xbd\x98\xbd\x54\x7d"
	"\xb6\x76\xe2\x4d\xeb\x1d\xf0\x00\x14\x17\x01\x1a\x92\x9a\x0c\x8f"
	"\x78\xd3\x30\xae\x30\x30\x4c\xeb\xf6\x06\xe7\x4a\x0f\x23\xb5\x7e"
	"\xbe\xcb\xbd\x61\xf5\xf0\xf6\xdc\xc8\x6a\xb4\xc8\xf0\x00\x9f\x27"
	"\xda\x10\xf9\xd5\x4b\x90\xb4\x5b\xe5\xb0\x35\x67\x8c\xaf\xd5\x99"
	"\x2a\xe7\x77\x45\x12\x5b\x6c\x9c\x67\xdf\x2c\xbb\xfa\xea\xca\x50"
	"\x49\x81\x25\x2c\x52\x7b\x99\x84\x14\x86\x43\x96\x92\xf0\xf7\x06"
	"\xd6\x35\x58\xf5\xdc\x78\x49\xcc\x62\x7c\x0c\x53\x23\xeb\x7d\x5f"
	"\x6b\xf4\xa6\x5d\x92\x24\x56\xdf\x50\xad\xb8\xb0\x6a\xbb\xd5\xf6"
	"\x5b\x2b\xac\x27\xbb\x16\x65\xa5\x61\x94\x92\x2d\x02\x91\x72\xae"
	"\x79\x91\xdb\xb9\x07\xe0\xfb\xd7\x9e\x97\x74\xac\x42\x70\xc8\x08"
	"\x93\xb6\x8c\x84\x03\x7e\x59\x27\x7b\xbf\x7d\xbc\x1f\xde\xf0\x52"
	"\xf5\xe3\x5f\xbd\xd7\xcf\xf3\xfe\x9f\x3d\xfc\xb1\x3f\x3f\xfe\xfb"
	"\xdf\xff\xfe\xfd\x22\x1b\x08\x67\x61\x51\xaf\xc8\x1b\x7d\x91\x01"
	"\x55\x2f\xb4\x4d\xe5\x14\xac\x0f\x12\x80\x75\xe0\xc7\x9b\xd6\x45"
	"\xd4\x08\xc1\xf9\xc5\xe3\x26\x76\xd6\xe4\xea\x6c\xae\x19\x9d\x95"
	"\xdc\xde\x4a\x10\x2c\xa4\xf1\x6d\xd3\x18\xb1\xd9\xaa\x5b\xee\x85"
	"\xa6\xca\xc4\xa7\xd1\x3b\x87\x04\xc1\x99\x11\xa5\x34\x1e\xc0\xd0"
	"\x75\xd4\x85\x7d\x2c\x54\xd4\x85\xa0\xcb\xe9\x0e\x85\x29\x89\xa6"
	"\x62\xf4\x56\x72\xf9\x50\xfa\x54\x23\x78\x4f\x2c\x2c\xea\x90\x0a"
	"\xb9\x01\x6d\x97\xf2\x08\xef\x6c\x80\x47\xa5\xae\xc0\xd0\xf8\xb5"
	"\xdc\xb2\xcc\x5b\x12\xfc\x6f\xe3\xa5\xf3\x98\x7b\xed\xed\xe0\x42"
	"\xd3\x2e\x34\xa2\x83\xe0\xac\xd3\x7e\x10\x7a\x0b\x09\x26\xb6\x31"
	"\xcd\x16\xe1\xcb\xed\x53\x91\x3a\x24\xc6\x01\x01\x18\xce\xa5\x20"
	"\x8b\xb4\x9d\x44\x53\x27\xd7\x0b\x1f\x40\x90\x96\xb8\xe4\x00\x21"
	"\x82\x1a\x45\x05\x82\x9b\x1b\x8c\x13\x0c\x47\xb9\xfe\x8c\xfb\x8d"
	"\x4a\x52\x2a\xef\x1a\x52\xbd\x1b\x6e\x4c\xcf\x27\x26\xc5\x4d\x21"
	"\xd8\xa5\x2d\x91\xae\x39\x4e\x82\xf9\x40\xa8\x42\x6b\x50\x42\x5b"
	"\x06\x0d\x5e\xc1\xba\x1d\x48\x41\x42\xf8\x94\x89\x20\x5e\x7a\xdb"
	"\xf1\x62\x00\x30\xdb\x6c\x9c\xea\x03\x26\x54\x5e\xc0\xb5\x90\x0a"
	"\x75\xa7\x7c\x3f\xe0\x01\xd3\x5b\x0a\x20\x51\x0a\x67\xf4\x54\x15"
	"\x98\x90\xad\x51\x80\xbb\xc9\xa9\x21\x13\x28\x4c\xa4\x25\x47\x82"
	"\xc6\x2c\x70\xe6\xe9\x27\x2f\x74\x48\xe4\xdc\x65\xb1\x2e\x23\x64"
	"\x14\x27\x72\x34\xd3\x86\xa0\xb2\xc8\x23\x29\xdc\x9b\xa9\xcb\x94"
	"\x25\x2b\x3d\xa6\x3c\x2c\x2e\xca\xe9\x5e\xab\x40\x0a\x17\xa1\x13"
	"\xe7\x70\x34\x48\x3d\x54\x65\x34\x20\xe8\xbc\x2c\x98\x10\x91\xe2"
	"\x78\xc0\x9b\x39\xe5\x8b\x07\x65\x2d\x8a\x5a\x4a\x34\x47\xc4\x97"
	"\x6b\xbc\x5b\xbe\xd5\x41\x96\x52\x74\x64\xb8\x08\x56\x49\xd4\x2a"
	"\x5b\x56\xb4\xc7\x2f\x42\x0a\xd5\xce\xe2\xa8\xf4\x42\x85\x10\x1e"
	"\x78\x9a\x1f\xde\xc2\x17\x05\x1a\x5d\x46\x6b\x11\x6c\xf4\x38\xe1"
	"\x81\x2d\xb6\x5a\xd4\xe2\x48\x7b\x7b\x4a\xc9\x03\xf2\xd4\xe2\x8a"
	"\x8a\x4c\x10\x29\x2c\x18\x00\xab\x5b\x60\x2d\x0d\xa0\x7e\x7e\x2e"
	"\x25\x33\x89\xab\x89\x23\x05\x13\x14\x03\xcd\xa9\x18\x61\xe9\x8e"
	"\x47\x20\x6b\xc3\x0c\xaf\x79\x90\xd7\x49\x95\x58\xce\x6f\x99\x8e"
	"\xd1\xe7\xb0\xa3\xc0\x80\x61\x30\x29\xbc\x37\x6c\x9a\xdb\x96\xe5"
	"\x2c\x82\xe5\x81\xe1\x85\x9c\x7c\x80\xd8\xd9\x2b\x38\xf0\xa7\x11"
	"\x28\x65\x2d\x43\x27\xce\x03\x11\x76\x4c\xcc\xf1\xe6\xaa\x5a\xca"
	"\xdc\x22\xc7\x77\x31\xe0\x17\x0e\xca\xf5\xc5\xf3\x64\xd1\x2a\x6b"
	"\x20\x95\x84\x53\x18\x11\x4a\xa6\xd7\x23\x82\x9f\x56\x93\x6f\x37"
	"\x87\x55\x64\x15\xb2\x54\x2f\x0d\x29\x93\xe8\x7f\x81\x84\xee\x81"
	"\xed\x28\xa1\xb7\x2c\x85\xe1\x85\x52\x8a\x46\x4a\x5e\xf2\x40\x8e"
	"\x16\xaa\x61\x1c\x1e\x82\xa1\xf0\xfd\x85\xb7\x0a\x26\x8c\x54\x14"
	"\x06\xa1\x88\xf2\x53\x4c\xea\xd7\x7a\xdc\xb8\x85\x61\x10\x85\xce"
	"\x19\xe4\x02\xca\xe5\x37\x85\xe5\x09\x16\x70\xd1\x78\x7c\x7b\x61"
	"\xef\x70\x69\x3b\xde\x78\x8b\x9b\x5d\x4e\x65\x1b\x95\xa1\xc2\x28"
	"\xaa\x64\x11\x71\x72\x13\xce\x07\x54\x27\xcd\x4b\xe9\x4b\xc8\x68"
	"\x06\x49\x61\x8e\x61\x5e\x68\xba\xd0\xd5\x60\x57\x9b\x61\x32\x36"
	"\x27\x4d\x97\x82\xea\x78\x68\x4e\x0a\x2e\x3e\x7d\xe5\x6d\xdd\x3c"
	"\x4c\x0c\x7d\x23\x35\xb6\xd2\xe3\x85\xd3\xb8\x35\x00\x33\x22\x34"
	"\x99\x00\xc8\xbb\x73\x9a\x2e\x95\xc5\x46\x3a\x88\x17\x81\x4b\x23"
	"\xf2\x46\x0c\x8d\x3a\x15\x23\xbe\x2c\xe0\xa8\x40\x23\x52\xbc\xb1"
	"\xcb\x9a\x4e\x34\x8d\xfe\xa2\x8c\x53\x04\xd5\x77\x19\x4d\x0c\xd6"
	"\xa1\xa1\xed\x68\x7f\xd2\x8c\x42\xd3\xe8\x80\x44\xdf\x7b\x0b\x3f"
	"\xc2\xd8\x90\x5d\x2b\x89\xa8\x63\xe1\xa7\x21\x9c\x0a\x0c\x1f\x28"
	"\x63\x9b\x18\x1a\xda\x52\x62\x37\xf9\x45\x78\x4a\x91\xde\x72\x92"
	"\x59\xc2\xd8\x30\x52\xa1\x17\x92\xba\xa2\xf2\x1d\x78\xc4\x22\x20"
	"\xf0\x38\x3d\x51\x51\x29\x17\xed\x84\xee\x0e\x44\x9c\x34\x4f\xc8"
	"\x98\x5e\x9c\x61\x16\xe6\x0e\x55\xd4\xd2\xad\xdd\x1c\xe1\x6f\x93"
	"\x2a\x2d\x9f\x0b\xa5\x11\xae\x26\xfe\xbd\xd7\x0c\xa2\x2b\xa8\x66"
	"\x4d\x9c\x88\xbf\xe9\x73\x21\xff\xde\x7a\x6e\x23\xda\x29\xcc\xf8"
	"\x24\xc3\xe9\x2c\x57\x4c\x42\x53\x9d\xf8\xa8\xd5\x28\x45\x2e\x9f"
	"\xb8\xd1\x92\xd5\xc9\xf3\x22\xb6\x55\x88\x67\x20\xfd\x70\xcf\x74"
	"\x44\xbb\xdd\x9a\xce\xcf\x81\xbf\x8c\x0a\xcd\xa9\xe9\x9d\x1e\xfa"
	"\xd1\x90\x43\x88\x81\x79\xb8\xbf\x5c\xd5\xa8\xff\x1f\x4a\x05\x51"
	"\xde\x22\x60\x02\x00"
MAGIC_END;
